-- phpMyAdmin SQL Dump
-- version 3.2.4
-- http://www.phpmyadmin.net
--
-- Host: localhost
-- Generation Time: Aug 03, 2011 at 02:16 
-- Server version: 5.1.41
-- PHP Version: 5.3.1

SET SQL_MODE="NO_AUTO_VALUE_ON_ZERO";


/*!40101 SET @OLD_CHARACTER_SET_CLIENT=@@CHARACTER_SET_CLIENT */;
/*!40101 SET @OLD_CHARACTER_SET_RESULTS=@@CHARACTER_SET_RESULTS */;
/*!40101 SET @OLD_COLLATION_CONNECTION=@@COLLATION_CONNECTION */;
/*!40101 SET NAMES utf8 */;

--
-- Database: `monitor`
--

-- --------------------------------------------------------

--
-- Table structure for table `activity`
--

CREATE TABLE IF NOT EXISTS `activity` (
  `id_activity` varchar(20) NOT NULL,
  `activity` varchar(45) NOT NULL,
  `level` int(11) NOT NULL,
  `dept` varchar(45) NOT NULL,
  `target_start` int(20) NOT NULL,
  `target_end` int(20) NOT NULL,
  `type` int(20) NOT NULL,
  `step` int(11) NOT NULL,
  PRIMARY KEY (`id_activity`)
) ENGINE=MyISAM DEFAULT CHARSET=latin1;

--
-- Dumping data for table `activity`
--

INSERT INTO `activity` (`id_activity`, `activity`, `level`, `dept`, `target_start`, `target_end`, `type`, `step`) VALUES
('03.01.12', 'Quality Control', 3, 'Sample Room', 0, 0, 1, 0),
('03.01.11', 'Finishing', 3, 'Sample Room', 0, 0, 1, 0),
('03.01.10', 'Washing', 3, 'Sample Room', 0, 0, 1, 0),
('03.01.09', 'Membuat dokumen subkontrak', 3, 'Export Import', 0, 0, 1, 0),
('03.01.08', 'Sewing', 3, 'Sample Room', 0, 0, 1, 0),
('03.01.07', 'Embro', 3, 'Sample Room', 0, 0, 1, 0),
('03.01.06', 'Membuat dokumen subkontrak ', 3, 'Export Import', 0, 0, 1, 0),
('03.01.05', 'Cutting', 3, 'Sample Room', 0, 0, 1, 0),
('03.01.04', 'Membuat marker sample', 3, 'Sample Room', 0, 0, 1, 0),
('03.01.03', 'Revisi pola', 3, 'Sample Room', 0, 0, 1, 0),
('03.01.02', 'Membuat pattern request & M/A consumption ', 3, 'Merchandiser', 0, 0, 1, 0),
('03.01.01', 'Membuat sample request (PPS)', 3, 'Merchandiser', 0, 0, 1, 0),
('03.01', 'Pembuatan PPS', 2, '', 30, 25, 1, 7),
('03.00.01', 'Menunggu konfirm fit sample', 3, 'Merchandiser', 0, 0, 1, 0),
('02.00.01', 'Menunggu konfirm order', 3, 'Merchandiser', 0, 0, 1, 0),
('02.00', 'Menunggu konfirm order', 2, '', 70, 60, 1, 4),
('03', 'Proses Pre-Production Sample', 1, '', 0, 0, 1, 0),
('02.08.06', 'Penyimpanan kain PPS', 3, 'Warehouse', 0, 0, 1, 0),
('02.08.05', 'Inspeksi kain untuk PPS', 3, 'Quality Assurance', 0, 0, 1, 0),
('02.08.04', 'Produksi kain (Bulk)', 3, 'Purchasing Fabric', 0, 0, 1, 0),
('02.08.03', 'Mengirim kain PPS', 3, 'Purchasing Fabric', 0, 0, 1, 0),
('02.08.02', 'Membuat dokumen import material', 3, 'Export Import', 0, 0, 1, 0),
('02.08.01', 'Produksi kain PPS', 3, 'Purchasing Fabric', 0, 0, 1, 0),
('02.08', 'Penerimaan kain PPS', 2, '', 55, 30, 1, 6),
('02.07.02', 'Membuat Purchase Order kain', 3, 'Purchasing Fabric', 0, 0, 1, 0),
('02.07.01', 'Membuat Bill of Material kain', 3, 'Merchandiser', 0, 0, 1, 0),
('02.07', 'Pengadaan Kain', 2, '', 60, 55, 1, 5),
('02.06.06', 'Penyimpanan aksesoris PPS', 3, 'Warehouse', 0, 0, 1, 0),
('02.06.05', 'Inspeksi aksesoris PPS', 3, 'Quality Assurance', 0, 0, 1, 0),
('02.06.04', 'Produksi Aksesoris (Bulk)', 3, 'Purchasing Trim', 0, 0, 1, 0),
('02.06.03', 'Mengirim aksesoris PPS (Supplier - Gistex)', 3, 'Purchasing Trim', 0, 0, 1, 0),
('02.06.02', 'Membuat dokumen import material', 3, 'Export Import', 0, 0, 1, 0),
('02.06.01', 'Produksi aksesoris untuk PPS', 3, 'Purchasing Trim', 0, 0, 1, 0),
('02.06', 'Penerimaan Aksesoris untuk PPS', 2, '', 50, 30, 1, 6),
('02.05.04', 'Membuat purchase order  aksesoris', 3, 'Purchasing Trim', 0, 0, 1, 0),
('02.05.03', 'Membuat Bill of Material aksesoris', 3, 'Merchandiser', 0, 0, 1, 0),
('02.05.02', 'Menunggu approval trimming', 3, 'Merchandiser', 0, 0, 1, 0),
('02.05.01', 'Membuat trimming approval', 3, 'Merchandiser', 0, 0, 1, 0),
('02.05', 'Pengadaan Aksesoris', 2, '', 60, 50, 1, 5),
('02.04.03', 'Membuat jadwal produksi', 3, 'PPIC', 0, 0, 1, 0),
('02.04.02', 'Input ke dalam rekap order', 3, 'PPIC', 0, 0, 1, 0),
('02.04.01', 'Membuat rekap order', 3, 'Merchandiser', 0, 0, 1, 0),
('02.04', 'Pembuatan Jadwal Produksi', 2, '', 60, 25, 1, 6),
('02.03.03', 'Menunggu feedback rencana biaya', 3, 'Merchandiser', 0, 0, 1, 0),
('02.03.02', 'Mengirim rencana biaya ke buyer', 3, 'Marketing', 0, 0, 1, 0),
('02.03.01', 'Revisi rencana biaya', 3, 'Marketing', 0, 0, 1, 0),
('02.03', 'Revisi rencana biaya', 2, '', 30, 25, 1, 6),
('02.02.12', 'Menunggu feedback fit sample', 3, 'Merchandiser', 0, 0, 1, 0),
('02.02.11', 'Mengirim fit sample', 3, 'Ekspedisi', 0, 0, 1, 0),
('02.02.10', 'Quality Control', 3, 'Sample Room', 0, 0, 1, 0),
('02.02.09', 'Membuat dokumen ekspor sample', 3, 'Export Import', 0, 0, 1, 0),
('02.02.08', 'Finishing', 3, 'Sample Room', 0, 0, 1, 0),
('02.02.07', 'Washing', 3, 'Sample Room', 0, 0, 1, 0),
('02.02.06', 'Membuat dokumen subkontrak', 3, 'Export Import', 0, 0, 1, 0),
('02.02.05', 'Sewing', 3, 'Sample Room', 0, 0, 1, 0),
('02.02.04', 'Embro', 3, 'Sample Room', 0, 0, 1, 0),
('02.02.03', 'Membuat dokumen subkontrak ', 3, 'Export Import', 0, 0, 1, 0),
('02.02.02', 'Cutting', 3, 'Sample Room', 0, 0, 1, 0),
('02.02.01', 'Membuat marker sample', 3, 'Sample Room', 0, 0, 1, 0),
('02.02', 'Pembuatan Fit Sample', 2, '', 55, 30, 1, 6),
('02.01.03', 'Revisi pola', 3, 'Sample Room', 0, 0, 1, 0),
('02.01.02', 'Membuat pattern request & M/A consumption ', 3, 'Merchandiser', 0, 0, 1, 0),
('02.01.01', 'Membuat sample request', 3, 'Merchandiser', 0, 0, 1, 0),
('02.01', 'Pembuatan Sample Request (Fit Sample)', 2, '', 60, 55, 1, 5),
('02', 'Proses Fit Sample', 1, '', 0, 0, 1, 0),
('01.09.03', 'Menunggu feedback rencana biaya', 3, 'Merchandiser', 0, 0, 1, 0),
('01.09.02', 'Mengirim rencana biaya ke buyer', 3, 'Marketing', 0, 0, 1, 0),
('01.09.01', 'Membuat rencana biaya', 3, 'Marketing', 0, 0, 1, 0),
('01.09', 'Pembuatan Rencana Biaya', 2, '', 100, 70, 1, 3),
('01.08.01', 'Negosiasi harga aksesoris', 3, 'Purchasing Trim', 0, 0, 1, 0),
('01.08', 'Negosiasi harga aksesoris', 2, '', 110, 100, 1, 2),
('01.07.05', 'Menunggu feedback spesifikasi aksesoris', 3, 'Merchandiser', 0, 0, 1, 0),
('01.07.04', 'Mengirim sample aksesoris ke buyer', 3, 'Ekspedisi', 0, 0, 1, 0),
('01.07.03', 'Membuat dokumen ekspor sample', 3, 'Export Import', 0, 0, 1, 0),
('01.07.02', 'Mengirim sample aksesoris (Supplier - Gistex)', 3, 'Purchasing Fabric', 0, 0, 1, 0),
('01.07.01', 'Membuat sample aksesoris', 3, 'Purchasing Trim', 0, 0, 1, 0),
('01.07', 'Proses Sample Aksesoris', 2, '', 110, 70, 1, 3),
('01.06.01', 'Sourcing Aksesoris', 3, 'Purchasing Trim', 0, 0, 1, 0),
('01.06', 'Sourcing Aksesoris', 2, '', 120, 110, 1, 2),
('01.05.01', 'Negosiasi harga kain', 3, 'Purchasing Fabric', 0, 0, 1, 0),
('01.05', 'Negosiasi harga kain', 2, '', 110, 100, 1, 2),
('01.04.05', 'Menunggu feedback spesifikasi kain', 3, 'Merchandiser', 0, 0, 1, 0),
('01.04.04', 'Mengirim sample kain ke buyer', 3, 'Ekspedisi', 0, 0, 1, 0),
('01.04.03', 'Membuat dokumen ekspor sample', 3, 'Export Import', 0, 0, 1, 0),
('01.04.02', 'Mengirim sample kain (Supplier - Gistex)', 3, 'Purchasing Fabric', 0, 0, 1, 0),
('01.04.01', 'Membuat sample kain', 3, 'Purchasing Fabric', 0, 0, 1, 0),
('01.04', 'Proses Sample Kain', 2, '', 110, 70, 1, 3),
('01.03.01', 'Sourcing Kain', 3, 'Purchasing Fabric', 0, 0, 1, 0),
('01.03', 'Sourcing Kain', 2, '', 120, 110, 1, 2),
('01.02.12', 'Menunggu feedback development sample', 3, 'Export Import', 0, 0, 1, 0),
('01.02.11', 'Mengirim development sample', 3, 'Ekspedisi', 0, 0, 1, 0),
('01.02.10', 'Membuat dokumen ekspor dev. sample', 3, 'Export Import', 0, 0, 1, 0),
('01.02.09', 'Quality Control', 3, 'Sample Room', 0, 0, 1, 0),
('01.02.08', 'Finishing', 3, 'Sample Room', 0, 0, 1, 0),
('01.02.07', 'Washing', 3, 'Sample Room', 0, 0, 1, 0),
('01.02.06', 'Membuat dokumen subkontrak', 3, 'Export Import', 0, 0, 1, 0),
('01.02.05', 'Sewing', 3, 'Sample Room', 0, 0, 1, 0),
('01.02.04', 'Embro', 3, 'Sample Room', 0, 0, 1, 0),
('01.02.03', 'Membuat dokumen subkontrak ', 3, 'Export Import', 0, 0, 1, 0),
('01.02.02', 'Cutting', 3, 'Sample Room', 0, 0, 1, 0),
('01.02.01', 'Membuat marker sample', 3, 'Sample Room', 0, 0, 1, 0),
('01.02', 'Pembuatan Development Sample', 2, '', 115, 70, 1, 3),
('01.01.03', 'Membuat pola', 3, 'Sample Room', 0, 0, 1, 0),
('01.01.02', 'Membuat pattern request & M/A consumption', 3, 'Merchandiser', 0, 0, 1, 0),
('01.01.01', 'Membuat sample request', 3, 'Merchandiser', 0, 0, 1, 0),
('01.01', 'Pembuatan Sample Request (Dev. Sample)', 2, '', 120, 115, 1, 2),
('01', 'Proses Development Sample', 1, '', 0, 0, 1, 0),
('03.01.13', 'Membuat dokumen ekspor sample', 3, 'Export Import', 0, 0, 1, 0),
('03.01.14', 'Mengirim fit sample', 3, 'Ekspedisi', 0, 0, 1, 0),
('03.01.15', 'Menunggu konfirm PPS', 3, 'Merchandiser', 0, 0, 1, 0),
('03.02', 'Revisi rencana biaya', 2, '', 30, 25, 1, 7),
('03.02.01', 'Revisi rencana biaya', 3, 'Marketing', 0, 0, 1, 0),
('03.02.02', 'Mengirim rencana biaya ke buyer', 3, 'Marketing', 0, 0, 1, 0),
('03.02.03', 'Menunggu feedback rencana biaya', 3, 'Merchandiser', 0, 0, 1, 0),
('03.03', 'Penerimaan kain', 2, '', 30, 21, 1, 7),
('03.03.01', 'Membuat dokumen import material', 3, 'Export Import', 0, 0, 1, 0),
('03.03.02', 'Mengirim kain (Supplier - Gistex)', 3, 'Purchasing Fabric', 0, 0, 1, 0),
('03.03.03', 'Inspeksi kain', 3, 'Quality Assurance', 0, 0, 1, 0),
('03.03.04', 'Penyimpanan kain', 3, 'Warehouse', 0, 0, 1, 0),
('03.04', 'Penerimaan Aksesoris', 2, '', 30, 21, 1, 7),
('03.04.01', 'Membuat dokumen import material', 3, 'Export Import', 0, 0, 1, 0),
('03.04.02', 'Mengirim aksesoris (Supplier – Gistex)', 3, 'Purchasing Trim', 0, 0, 1, 0),
('03.04.03', 'Inspeksi aksesoris', 3, 'Quality Assurance', 0, 0, 1, 0),
('03.04.04', 'Penyimpanan aksesoris', 3, 'Warehouse', 0, 0, 1, 0),
('04', 'Proses Persiapan Produksi', 1, '', 0, 0, 1, 0),
('04.00.01', 'Menunggu konfirm PPS', 3, 'Merchandiser', 0, 0, 1, 0),
('04.01', 'Proses Persiapan Produksi', 2, '', 25, 21, 1, 8),
('04.01.01', 'Membuat worksheet', 3, 'Merchandiser', 0, 0, 1, 0),
('04.01.02', 'Grading', 3, 'Sample Room', 0, 0, 1, 0),
('04.01.03', 'Membuat cutting order', 3, 'PPIC', 0, 0, 1, 0),
('04.01.04', 'Membuat  marker produksi', 3, 'Sample Room', 0, 0, 1, 0),
('04.01.05', 'Membuat surat turun produksi', 3, 'PPIC', 0, 0, 1, 0),
('04.01.06', 'Membuat material request', 3, 'Produksi', 0, 0, 1, 0),
('04.01.07', 'Membuat pattern measurement request', 3, 'Sample Room', 0, 0, 1, 0),
('04.01.08', 'Persetujuan material request', 3, 'PPIC', 0, 0, 1, 0),
('04.01.09', 'Inspeksi marker produksi', 3, 'Quality Assurance', 0, 0, 1, 0),
('04.02', 'Pre Production Meeting', 2, '', 21, 20, 1, 9),
('04.02.01', 'Pre Production Meeting', 3, 'Merchandiser', 0, 0, 1, 0),
('04.03', 'Persiapan Kain', 2, '', 21, 20, 1, 9),
('04.03.01', 'Penarikan kain', 3, 'Warehouse', 0, 0, 1, 0),
('04.03.02', 'Relaksasi', 3, 'Produksi', 0, 0, 1, 0),
('05', 'Proses Produksi', 1, '', 0, 0, 2, 0),
('05.01', 'Cutting', 2, '', 20, 15, 2, 10),
('05.01.01', 'Pilot Run', 3, 'Produksi', 0, 0, 2, 0),
('05.01.02', 'Inspeksi pilot run', 3, 'Quality Assurance', 0, 0, 2, 0),
('05.01.03', 'Cutting ', 3, 'Produksi', 0, 0, 2, 0),
('05.01.04', 'Membuat dokumen subkontrak', 3, 'Export Import', 0, 0, 2, 0),
('05.01.05', 'Embro', 3, 'Produksi', 0, 0, 2, 0),
('05.01.06', 'Inspeksi cutting', 3, 'Quality Assurance', 0, 0, 2, 0),
('05.02', 'Sewing', 2, '', 15, 5, 2, 11),
('05.02.01', 'Sewing', 3, 'Produksi', 0, 0, 2, 0),
('05.02.02', 'Inspeksi sewing', 3, 'Quality Assurance', 0, 0, 2, 0),
('05.03', 'Finishing', 2, '', 5, 1, 2, 12),
('05.03.01', 'Membuat dokumen subkontrak ', 3, 'Export Import', 0, 0, 2, 0),
('05.03.02', 'Washing', 3, 'Produksi', 0, 0, 2, 0),
('05.03.03', 'Membuat shipment request', 3, 'Merchandiser', 0, 0, 2, 0),
('05.03.04', 'Menunggu confirm booking kapal', 3, 'Export Import', 0, 0, 2, 0),
('05.03.05', 'Gosok', 3, 'Produksi', 0, 0, 2, 0),
('05.03.06', 'Inspeksi Final', 3, 'Quality Assurance', 0, 0, 2, 0),
('05.03.07', 'Packaging', 3, 'Produksi', 0, 0, 2, 0),
('05.03.08', 'Penyimpanan produk jadi', 3, 'Ekspedisi', 0, 0, 2, 0),
('06', 'Proses Pengiriman', 1, '', 0, 0, 2, 0),
('06.01', 'Pengiriman', 2, '', 1, 0, 2, 13),
('06.01.01', 'Membuat dokumen ekspor garmen', 3, 'Ekspedisi', 0, 0, 2, 0),
('06.01.02', 'Checking sebelum loading', 3, 'Ekspedisi', 0, 0, 2, 0),
('06.01.03', 'Mengukur tracking', 3, 'Ekspedisi', 0, 0, 2, 0),
('06.01.04', 'Loading', 3, 'Ekspedisi', 0, 0, 2, 0),
('06.01.05', 'Mengirim garmen', 3, 'Ekspedisi', 0, 0, 2, 0),
('01.00', 'Menerima Job Order', 2, '', 0, 0, 1, 1),
('01.00.01', 'Menerima Job Order', 3, 'Marketing', 0, 0, 1, 0);

-- --------------------------------------------------------

--
-- Table structure for table `activity_link`
--

CREATE TABLE IF NOT EXISTS `activity_link` (
  `id_predecessor` varchar(20) NOT NULL,
  `id_successor` varchar(20) NOT NULL
) ENGINE=MyISAM DEFAULT CHARSET=latin1;

--
-- Dumping data for table `activity_link`
--

INSERT INTO `activity_link` (`id_predecessor`, `id_successor`) VALUES
('01.00.01', '01.01.01'),
('01.00.01', '01.01.02'),
('01.00.01', '01.03.01'),
('01.00.01', '01.06.01'),
('01.01.02', '01.01.03'),
('01.01.03', '01.02.01'),
('01.01.03', '01.09.01'),
('01.01.01', '01.02.02'),
('01.02.01', '01.02.02'),
('01.02.02', '01.02.03'),
('01.02.03', '01.02.04'),
('01.02.04', '01.02.05'),
('01.02.05', '01.02.06'),
('01.02.06', '01.02.07'),
('01.02.07', '01.02.08'),
('01.02.08', '01.02.09'),
('01.02.08', '01.02.10'),
('01.02.09', '01.02.11'),
('01.02.10', '01.02.11'),
('01.02.11', '01.02.12'),
('01.03.01', '01.04.01'),
('01.03.01', '01.05.01'),
('01.04.01', '01.04.02'),
('01.04.02', '01.04.03'),
('01.04.03', '01.04.04'),
('01.04.04', '01.04.05'),
('01.05.01', '01.09.01'),
('01.06.01', '01.08.01'),
('01.06.01', '01.07.01'),
('01.08.01', '01.09.01'),
('01.09.01', '01.09.02'),
('01.09.02', '01.09.03'),
('01.07.01', '01.07.02'),
('01.07.02', '01.07.03'),
('01.07.03', '01.07.04'),
('01.07.04', '01.07.05'),
('01.02.12', '02.00.01'),
('01.04.05', '02.00.01'),
('01.09.03', '02.00.01'),
('01.07.05', '02.00.01'),
('02.00.01', '02.01.01'),
('02.00.01', '02.01.02'),
('02.00.01', '02.04.01'),
('02.00.01', '02.05.01'),
('02.00.01', '02.07.01'),
('02.01.01', '02.02.02'),
('02.01.02', '02.01.03'),
('02.01.03', '02.02.01'),
('02.01.03', '02.03.01'),
('02.02.01', '02.02.02'),
('02.02.02', '02.02.03'),
('02.02.03', '02.02.04'),
('02.02.04', '02.02.05'),
('02.02.05', '02.02.06'),
('02.02.06', '02.02.07'),
('02.02.07', '02.02.08'),
('02.02.08', '02.02.09'),
('02.02.08', '02.02.10'),
('02.02.09', '02.02.11'),
('02.02.10', '02.02.11'),
('02.02.11', '02.02.12'),
('02.03.01', '02.03.02'),
('02.03.02', '02.03.03'),
('02.04.01', '02.04.02'),
('02.04.02', '02.04.03'),
('02.05.01', '02.05.02'),
('02.05.02', '02.05.03'),
('02.05.03', '02.05.04'),
('02.05.04', '02.06.01'),
('02.06.01', '02.06.02'),
('02.06.01', '02.06.03'),
('02.06.01', '02.06.04'),
('02.06.02', '02.06.05'),
('02.06.03', '02.06.05'),
('02.06.05', '02.06.06'),
('02.07.01', '02.07.02'),
('02.07.02', '02.08.01'),
('02.08.01', '02.08.02'),
('02.08.01', '02.08.03'),
('02.08.01', '02.08.04'),
('02.08.02', '02.08.05'),
('02.08.03', '02.08.05'),
('02.08.05', '02.08.06'),
('02.02.12', '03.01.01'),
('02.03.03', '03.01.01'),
('02.04.03', '04.01.05'),
('02.06.06', '03.01.08'),
('02.06.04', '03.04.01'),
('02.08.06', '03.01.05'),
('02.08.04', '03.03.01'),
('03.00.01', '03.01.01'),
('03.00.01', '03.01.02'),
('03.00.01', '03.02.01'),
('03.01.02', '03.01.03'),
('03.01.03', '03.01.04'),
('03.01.04', '03.01.05'),
('03.01.01', '03.01.05'),
('03.01.05', '03.01.06'),
('03.01.06', '03.01.07'),
('03.01.07', '03.01.08'),
('03.01.08', '03.01.09'),
('03.01.09', '03.01.10'),
('03.01.10', '03.01.11'),
('03.01.11', '03.01.12'),
('03.01.11', '03.01.13'),
('03.01.12', '03.01.14'),
('03.01.13', '03.01.14'),
('03.01.14', '03.01.15'),
('03.02.01', '03.02.02'),
('03.02.02', '03.02.03'),
('03.03.01', '03.03.02'),
('03.03.02', '03.03.03'),
('03.03.03', '03.03.04'),
('03.04.01', '03.04.02'),
('03.04.02', '03.04.03'),
('03.04.03', '03.04.04'),
('03.01.15', '04.01.01'),
('03.02.03', '04.01.02'),
('03.03.04', '04.02.01'),
('03.04.04', '04.02.01'),
('04.00.01', '04.01.01'),
('04.00.01', '04.01.02'),
('04.01.01', '04.01.03'),
('04.01.01', '04.01.04'),
('04.01.02', '04.01.04'),
('04.01.03', '04.01.05'),
('04.01.03', '04.01.06'),
('04.01.06', '04.01.08'),
('04.01.08', '04.03.01'),
('04.03.01', '04.03.02'),
('04.01.04', '04.01.07'),
('04.01.07', '04.01.09'),
('04.01.09', '04.02.01'),
('04.01.05', '04.02.01'),
('04.03.02', '05.01.01'),
('04.02.01', '05.01.01'),
('05.01.01', '05.01.02'),
('05.01.02', '05.01.03'),
('05.01.03', '05.01.04'),
('05.01.04', '05.01.05'),
('05.01.05', '05.01.06'),
('05.01.06', '05.02.01'),
('05.02.01', '05.02.02'),
('05.02.02', '05.03.01'),
('05.02.02', '05.03.02'),
('05.03.01', '05.03.03'),
('05.03.02', '05.03.04'),
('05.03.03', '05.03.05'),
('05.03.05', '05.03.06'),
('05.03.06', '05.03.07'),
('05.03.07', '05.03.08'),
('05.03.08', '06.01.01'),
('05.03.04', '06.01.01'),
('06.01.01', '06.01.02'),
('06.01.02', '06.01.03'),
('06.01.03', '06.01.04'),
('06.01.04', '06.01.05'),
('03.03.04', '04.03.01'),
('01.00', '01.03'),
('01.00', '01.01'),
('01.00', '01.06'),
('01.01', '01.02'),
('01.01', '01.09'),
('01.03', '01.04'),
('01.03', '01.05'),
('01.05', '01.09'),
('01.06', '01.08'),
('01.06', '01.07'),
('01.08', '01.09'),
('01.02', '02.00'),
('01.04', '02.00'),
('01.09', '02.00'),
('01.07', '02.00'),
('02.00', '02.01'),
('02.00', '02.04'),
('02.00', '02.05'),
('02.00', '02.07'),
('02.01', '02.02'),
('02.01', '02.03'),
('02.05', '02.06'),
('02.07', '02.08'),
('02.02', '03.01'),
('02.02', '03.02'),
('02.03', '03.01'),
('02.03', '03.02'),
('02.06', '03.01'),
('02.06', '03.04'),
('02.08', '03.01'),
('02.08', '03.03'),
('03.01', '04.01'),
('03.02', '04.01'),
('02.04', '04.01'),
('04.01', '04.02'),
('03.04', '04.02'),
('03.03', '04.03'),
('04.02', '05.01'),
('04.03', '05.01'),
('05.01', '05.02'),
('05.02', '05.03'),
('05.03', '06.01'),
('03.01.15', '04.01.02'),
('03.02.03', '04.01.01'),
('02.02.12', '03.01.02'),
('02.02.12', '03.02.01'),
('02.03.03', '03.01.02'),
('02.03.03', '03.02.01'),
('01', '02'),
('02', '03'),
('03', '04'),
('04', '05'),
('05', '06');

-- --------------------------------------------------------

--
-- Table structure for table `buyer`
--

CREATE TABLE IF NOT EXISTS `buyer` (
  `id_buyer` int(20) NOT NULL AUTO_INCREMENT,
  `name_of_company` varchar(45) NOT NULL,
  `address` varchar(45) NOT NULL,
  `email` varchar(45) NOT NULL,
  `phone` varchar(45) NOT NULL,
  PRIMARY KEY (`id_buyer`)
) ENGINE=MyISAM  DEFAULT CHARSET=latin1 AUTO_INCREMENT=3 ;

--
-- Dumping data for table `buyer`
--

INSERT INTO `buyer` (`id_buyer`, `name_of_company`, `address`, `email`, `phone`) VALUES
(1, 'qwerty', 'Bandung', 'qwerty@qwerty.com', '085123124123');

-- --------------------------------------------------------

--
-- Table structure for table `progress_level_1`
--

CREATE TABLE IF NOT EXISTS `progress_level_1` (
  `id_pl_1` int(20) NOT NULL,
  `id_activity` int(20) NOT NULL,
  `progress` int(20) NOT NULL,
  PRIMARY KEY (`id_pl_1`)
) ENGINE=MyISAM DEFAULT CHARSET=latin1;

--
-- Dumping data for table `progress_level_1`
--


-- --------------------------------------------------------

--
-- Table structure for table `sales_order`
--

CREATE TABLE IF NOT EXISTS `sales_order` (
  `id_order` int(20) NOT NULL AUTO_INCREMENT,
  `id_pl_1` int(20) NOT NULL,
  `style` int(20) NOT NULL,
  `buyer` varchar(45) NOT NULL,
  `season` varchar(20) NOT NULL,
  `product` varchar(20) NOT NULL,
  `quantity` int(20) NOT NULL,
  `order_date` date NOT NULL,
  `confirm_date` date NOT NULL,
  `delivery_date` date NOT NULL,
  `work_status` int(20) NOT NULL,
  `end_date` date NOT NULL,
  `start_date` date NOT NULL,
  PRIMARY KEY (`id_order`)
) ENGINE=MyISAM  DEFAULT CHARSET=latin1 AUTO_INCREMENT=67 ;

--
-- Dumping data for table `sales_order`
--

INSERT INTO `sales_order` (`id_order`, `id_pl_1`, `style`, `buyer`, `season`, `product`, `quantity`, `order_date`, `confirm_date`, `delivery_date`, `work_status`, `end_date`, `start_date`) VALUES
(66, 0, 0, '1', '', '', 0, '0000-00-00', '0000-00-00', '2011-12-12', 0, '0000-00-00', '0000-00-00'),
(61, 0, 0, '1', '', '', 0, '2011-07-30', '0000-00-00', '2011-12-12', 2, '0000-00-00', '0000-00-00'),
(62, 0, 0, '1', '', '', 0, '0000-00-00', '0000-00-00', '2012-12-12', 2, '0000-00-00', '0000-00-00'),
(65, 0, 0, '1', '', '', 0, '0000-00-00', '0000-00-00', '2012-12-12', 0, '0000-00-00', '0000-00-00');

-- --------------------------------------------------------

--
-- Table structure for table `subcontract`
--

CREATE TABLE IF NOT EXISTS `subcontract` (
  `id_subcontract` int(20) NOT NULL AUTO_INCREMENT,
  `name_of_company` varchar(45) NOT NULL,
  `specialization` varchar(45) NOT NULL,
  `address` varchar(45) NOT NULL,
  `email` varchar(45) NOT NULL,
  `phone` varchar(45) NOT NULL,
  `number_of_cooperation` int(20) NOT NULL,
  `number_of_late_job` int(20) NOT NULL,
  `number_of_ontime_job` int(20) NOT NULL,
  `average_defect_product` int(20) NOT NULL,
  PRIMARY KEY (`id_subcontract`)
) ENGINE=MyISAM  DEFAULT CHARSET=latin1 AUTO_INCREMENT=9 ;

--
-- Dumping data for table `subcontract`
--

INSERT INTO `subcontract` (`id_subcontract`, `name_of_company`, `specialization`, `address`, `email`, `phone`, `number_of_cooperation`, `number_of_late_job`, `number_of_ontime_job`, `average_defect_product`) VALUES
(3, 'Laundry', '', 'Bandung', 'laundry@bandung.com', '087892312314', 0, 2, 1, 0);

-- --------------------------------------------------------

--
-- Table structure for table `subcontract_order`
--

CREATE TABLE IF NOT EXISTS `subcontract_order` (
  `id_subcontract` int(11) NOT NULL,
  `id_order` int(11) NOT NULL,
  `start_date` date NOT NULL,
  `end_date` date NOT NULL,
  `delivery_date` date NOT NULL,
  `id_ws_3` int(20) NOT NULL,
  `time_status` int(20) NOT NULL,
  `work_status` int(20) NOT NULL,
  `subcontract_number` int(20) NOT NULL,
  `id_subcontract_order` int(11) NOT NULL AUTO_INCREMENT,
  PRIMARY KEY (`id_subcontract_order`)
) ENGINE=MyISAM  DEFAULT CHARSET=latin1 AUTO_INCREMENT=765434 ;

--
-- Dumping data for table `subcontract_order`
--

INSERT INTO `subcontract_order` (`id_subcontract`, `id_order`, `start_date`, `end_date`, `delivery_date`, `id_ws_3`, `time_status`, `work_status`, `subcontract_number`, `id_subcontract_order`) VALUES
(3, 62, '0000-00-00', '0000-00-00', '0000-00-00', 132891, 2, 0, 0, 1),
(3, 61, '0000-00-00', '0000-00-00', '0000-00-00', 132780, 0, 0, 1, 765432),
(3, 61, '2011-08-03', '0000-00-00', '0000-00-00', 132780, 2, 1, 1412, 765433);

-- --------------------------------------------------------

--
-- Table structure for table `supplier`
--

CREATE TABLE IF NOT EXISTS `supplier` (
  `id_supplier` int(20) NOT NULL AUTO_INCREMENT,
  `type` varchar(20) NOT NULL,
  `name_of_company` varchar(45) NOT NULL,
  `product` varchar(45) NOT NULL,
  `address` varchar(45) NOT NULL,
  `email` varchar(45) NOT NULL,
  `phone` varchar(45) NOT NULL,
  `number_of_cooperation` int(20) NOT NULL,
  `number_of_late_job` int(20) NOT NULL,
  `number_of_ontime_job` int(20) NOT NULL,
  `average_defect_product` int(20) NOT NULL,
  PRIMARY KEY (`id_supplier`)
) ENGINE=MyISAM  DEFAULT CHARSET=latin1 AUTO_INCREMENT=16 ;

--
-- Dumping data for table `supplier`
--

INSERT INTO `supplier` (`id_supplier`, `type`, `name_of_company`, `product`, `address`, `email`, `phone`, `number_of_cooperation`, `number_of_late_job`, `number_of_ontime_job`, `average_defect_product`) VALUES
(9, 'fabric', 'Kain', '', 'Bandung', 'kain@bandung.com', '08913245232', 0, 0, 1, 0),
(10, 'trim', 'Kancing', '', 'Bekasi', 'kancing@bekasi.com', '08974567123', 0, 0, 0, 0);

-- --------------------------------------------------------

--
-- Table structure for table `supplier_order`
--

CREATE TABLE IF NOT EXISTS `supplier_order` (
  `id_supplier` int(20) NOT NULL,
  `id_order` int(20) NOT NULL,
  `po_number` varchar(20) NOT NULL,
  `delivery_date` date NOT NULL,
  `id_ws_3` int(20) NOT NULL,
  `work_status` int(20) NOT NULL,
  `time_status` int(20) NOT NULL,
  `start_date` date NOT NULL,
  `end_date` date NOT NULL,
  `id_supplier_order` int(11) NOT NULL AUTO_INCREMENT,
  PRIMARY KEY (`id_supplier_order`)
) ENGINE=MyISAM  DEFAULT CHARSET=latin1 AUTO_INCREMENT=1236 ;

--
-- Dumping data for table `supplier_order`
--

INSERT INTO `supplier_order` (`id_supplier`, `id_order`, `po_number`, `delivery_date`, `id_ws_3`, `work_status`, `time_status`, `start_date`, `end_date`, `id_supplier_order`) VALUES
(9, 62, '1234', '0000-00-00', 132882, 0, 2, '0000-00-00', '0000-00-00', 1234),
(9, 61, '523', '0000-00-00', 132771, 0, 2, '0000-00-00', '0000-00-00', 523),
(9, 61, '124', '0000-00-00', 132771, 0, 2, '0000-00-00', '0000-00-00', 124);

-- --------------------------------------------------------

--
-- Table structure for table `user`
--

CREATE TABLE IF NOT EXISTS `user` (
  `username` varchar(20) NOT NULL DEFAULT '',
  `password` varchar(100) NOT NULL,
  `fullname` varchar(100) NOT NULL,
  `dept` varchar(20) NOT NULL,
  PRIMARY KEY (`username`),
  UNIQUE KEY `username` (`username`)
) ENGINE=MyISAM DEFAULT CHARSET=latin1;

--
-- Dumping data for table `user`
--

INSERT INTO `user` (`username`, `password`, `fullname`, `dept`) VALUES
('admin', '21232f297a57a5a743894a0e4a801fc3', 'admin', 'admin'),
('marketing', 'c769c2bd15500dd906102d9be97fdceb', 'marketing', 'marketing'),
('merchandiser', 'a7dc4930adb43d6a892d95add61b8f1e', 'merchandiser', 'merchandiser'),
('purchasingfabric', '2f84a3fd596914a011dab55a757040c4', 'purchasingfabric', 'purchasingfabric'),
('purchasingtrim', '5067792421c520c7cabe1f5820b03d22', 'purchasingtrim', 'purchasingtrim'),
('sampleroom', 'ec5b9a1c9145c223323ad6ec3e5c0684', 'sampleroom', 'sampleroom'),
('warehouse', '372d30dd2849813ef674855253900679', 'warehouse', 'warehouse'),
('ppic', '10445f9a51c9dce6a86c529d671e76a8', 'ppic', 'ppic'),
('produksi', 'edf3017a2946290b95c783bd1a7f0ba7', 'produksi', 'produksi'),
('qualitycontrol', 'cbc959c183dc69683e69fb7f3a1855ed', 'qualitycontrol', 'qualitycontrol'),
('exportimport', '6e495f39b2a39f794c5e949bb2750955', 'exportimport', 'exportimport'),
('ekspedisi', '928920597d85e012970304984e633a5a', 'ekspedisi', 'ekspedisi');

-- --------------------------------------------------------

--
-- Table structure for table `work_order`
--

CREATE TABLE IF NOT EXISTS `work_order` (
  `id_work_order` int(20) NOT NULL AUTO_INCREMENT,
  `id_order` int(20) NOT NULL,
  `color` varchar(20) NOT NULL,
  `destination` varchar(20) NOT NULL,
  `quantity` int(20) NOT NULL,
  `cutting_date` date NOT NULL,
  `sewing_date` date NOT NULL,
  `delivery_date` date NOT NULL,
  PRIMARY KEY (`id_work_order`)
) ENGINE=MyISAM  DEFAULT CHARSET=latin1 AUTO_INCREMENT=16 ;

--
-- Dumping data for table `work_order`
--

INSERT INTO `work_order` (`id_work_order`, `id_order`, `color`, `destination`, `quantity`, `cutting_date`, `sewing_date`, `delivery_date`) VALUES
(14, 61, '', '', 0, '2011-08-02', '2011-09-02', '2011-10-02');

-- --------------------------------------------------------

--
-- Table structure for table `work_status_level_1`
--

CREATE TABLE IF NOT EXISTS `work_status_level_1` (
  `id_ws_1` int(20) NOT NULL AUTO_INCREMENT,
  `id_activity` varchar(20) NOT NULL,
  `id_work_order` int(20) NOT NULL,
  `id_order` int(20) NOT NULL,
  `start_date` date NOT NULL,
  `end_date` date NOT NULL,
  `work_status` int(11) NOT NULL,
  `type` int(11) NOT NULL,
  PRIMARY KEY (`id_ws_1`)
) ENGINE=MyISAM  DEFAULT CHARSET=latin1 AUTO_INCREMENT=123392 ;

--
-- Dumping data for table `work_status_level_1`
--

INSERT INTO `work_status_level_1` (`id_ws_1`, `id_activity`, `id_work_order`, `id_order`, `start_date`, `end_date`, `work_status`, `type`) VALUES
(123372, '05', 14, 61, '2011-08-02', '0000-00-00', 1, 2),
(123373, '06', 14, 61, '0000-00-00', '0000-00-00', 0, 2),
(123365, '02', 0, 61, '0000-00-00', '0000-00-00', 2, 1),
(123366, '01', 0, 61, '2011-07-30', '0000-00-00', 2, 1),
(123367, '04', 0, 61, '2011-07-30', '0000-00-00', 1, 1),
(123368, '03', 0, 62, '0000-00-00', '0000-00-00', 0, 1),
(123369, '02', 0, 62, '0000-00-00', '0000-00-00', 2, 1),
(123370, '01', 0, 62, '0000-00-00', '0000-00-00', 2, 1),
(123364, '03', 0, 61, '0000-00-00', '0000-00-00', 0, 1),
(123371, '04', 0, 62, '2011-08-01', '0000-00-00', 1, 1),
(123391, '04', 0, 66, '0000-00-00', '0000-00-00', 0, 1),
(123390, '01', 0, 66, '0000-00-00', '0000-00-00', 0, 1),
(123385, '04', 0, 65, '0000-00-00', '0000-00-00', 0, 1),
(123383, '02', 0, 65, '0000-00-00', '0000-00-00', 0, 1),
(123382, '03', 0, 65, '0000-00-00', '0000-00-00', 0, 1),
(123384, '01', 0, 65, '0000-00-00', '0000-00-00', 0, 1),
(123389, '02', 0, 66, '0000-00-00', '0000-00-00', 0, 1),
(123388, '03', 0, 66, '0000-00-00', '0000-00-00', 0, 1);

-- --------------------------------------------------------

--
-- Table structure for table `work_status_level_2`
--

CREATE TABLE IF NOT EXISTS `work_status_level_2` (
  `id_ws_2` int(20) NOT NULL AUTO_INCREMENT,
  `id_activity` varchar(20) NOT NULL,
  `id_ws_1` int(20) NOT NULL,
  `start_date` date NOT NULL,
  `end_date` date NOT NULL,
  `start_date_plan` date NOT NULL,
  `end_date_plan` date NOT NULL,
  `time_remaining` int(20) NOT NULL,
  `work_status` int(20) NOT NULL,
  `time_status` int(20) NOT NULL,
  `type` int(11) NOT NULL,
  PRIMARY KEY (`id_ws_2`)
) ENGINE=MyISAM  DEFAULT CHARSET=latin1 AUTO_INCREMENT=2265 ;

--
-- Dumping data for table `work_status_level_2`
--

INSERT INTO `work_status_level_2` (`id_ws_2`, `id_activity`, `id_ws_1`, `start_date`, `end_date`, `start_date_plan`, `end_date_plan`, `time_remaining`, `work_status`, `time_status`, `type`) VALUES
(2254, '01.07', 123390, '0000-00-00', '0000-00-00', '2011-08-24', '2011-10-03', 0, 0, 0, 1),
(2255, '01.06', 123390, '0000-00-00', '0000-00-00', '2011-08-14', '2011-08-24', 0, 0, 0, 1),
(2256, '01.05', 123390, '0000-00-00', '0000-00-00', '2011-08-24', '2011-09-03', 0, 0, 0, 1),
(2257, '01.04', 123390, '0000-00-00', '0000-00-00', '2011-08-24', '2011-10-03', 0, 0, 0, 1),
(2258, '01.03', 123390, '0000-00-00', '0000-00-00', '2011-08-14', '2011-08-24', 0, 0, 0, 1),
(2259, '01.02', 123390, '0000-00-00', '0000-00-00', '2011-08-19', '2011-10-03', 0, 0, 0, 1),
(2260, '01.01', 123390, '0000-00-00', '0000-00-00', '2011-08-14', '2011-08-19', 0, 0, 0, 1),
(2152, '04.03', 123371, '2011-08-01', '0000-00-00', '2012-11-21', '2012-11-22', 0, 1, 2, 1),
(2151, '04.02', 123371, '0000-00-00', '2013-11-22', '2012-11-21', '2012-11-22', 0, 0, 2, 1),
(2139, '02.01', 123369, '0000-00-00', '2013-10-18', '2012-10-13', '2012-10-23', 0, 4, 1, 1),
(2140, '01.09', 123370, '0000-00-00', '0000-00-00', '2012-09-03', '2012-10-03', 0, 0, 2, 1),
(2141, '01.08', 123370, '0000-00-00', '0000-00-00', '2012-08-24', '2012-09-03', 0, 0, 2, 1),
(2142, '01.07', 123370, '0000-00-00', '0000-00-00', '2012-08-24', '2012-10-03', 0, 0, 2, 1),
(2143, '01.06', 123370, '0000-00-00', '0000-00-00', '2012-08-14', '2012-08-24', 0, 2, 2, 1),
(2144, '01.05', 123370, '0000-00-00', '0000-00-00', '2012-08-24', '2012-09-03', 0, 0, 2, 1),
(2145, '01.04', 123370, '0000-00-00', '0000-00-00', '2012-08-24', '2012-10-03', 0, 0, 2, 1),
(2146, '01.03', 123370, '0000-00-00', '0000-00-00', '2012-08-14', '2012-08-24', 0, 2, 2, 1),
(2147, '01.02', 123370, '0000-00-00', '0000-00-00', '2012-08-19', '2012-10-03', 0, 0, 2, 1),
(2148, '01.01', 123370, '0000-00-00', '0000-00-00', '2012-08-14', '2012-08-19', 0, 2, 2, 1),
(2149, '01.00', 123370, '0000-00-00', '2011-08-01', '2012-12-12', '2012-12-12', 0, 1, 2, 1),
(2150, '04.01', 123371, '0000-00-00', '2011-07-29', '2012-11-17', '2012-11-21', 0, 0, 2, 1),
(2138, '02.02', 123369, '0000-00-00', '0000-00-00', '2015-10-13', '2015-11-07', 0, 0, 2, 1),
(2137, '02.03', 123369, '0000-00-00', '0000-00-00', '2014-11-07', '2014-11-12', 0, 0, 2, 1),
(2101, '03.01', 123364, '0000-00-00', '0000-00-00', '2011-11-12', '2011-11-17', 0, 0, 2, 1),
(2102, '03.02', 123364, '0000-00-00', '0000-00-00', '2011-11-12', '2011-11-17', 0, 0, 2, 1),
(2103, '03.03', 123364, '0000-00-00', '0000-00-00', '2011-11-12', '2011-11-21', 0, 0, 2, 1),
(2104, '03.04', 123364, '0000-00-00', '0000-00-00', '2011-11-12', '2011-11-21', 0, 0, 2, 1),
(2105, '02.00', 123365, '0000-00-00', '2011-07-30', '2012-10-03', '2012-10-13', 0, 4, 2, 1),
(2106, '02.08', 123365, '0000-00-00', '0000-00-00', '2011-10-18', '2011-11-12', 0, 0, 2, 1),
(2107, '02.07', 123365, '0000-00-00', '2011-07-30', '2012-10-13', '2012-10-18', 0, 2, 2, 1),
(2108, '02.06', 123365, '0000-00-00', '0000-00-00', '2011-10-23', '2011-11-12', 0, 0, 2, 1),
(2109, '02.05', 123365, '0000-00-00', '0000-00-00', '2012-10-13', '2012-10-23', 0, 2, 2, 1),
(2110, '02.04', 123365, '0000-00-00', '0000-00-00', '2011-10-13', '2011-11-17', 0, 0, 2, 1),
(2111, '02.03', 123365, '0000-00-00', '0000-00-00', '2011-11-12', '2011-11-17', 0, 0, 2, 1),
(2112, '02.02', 123365, '0000-00-00', '0000-00-00', '2011-10-18', '2011-11-12', 0, 0, 2, 1),
(2113, '02.01', 123365, '0000-00-00', '2011-07-30', '2012-10-13', '2012-10-18', 0, 2, 2, 1),
(2114, '01.09', 123366, '0000-00-00', '0000-00-00', '2011-09-03', '2011-10-03', 0, 0, 2, 1),
(2115, '01.08', 123366, '0000-00-00', '0000-00-00', '2011-08-24', '2011-09-03', 0, 0, 2, 1),
(2116, '01.07', 123366, '2011-07-30', '0000-00-00', '2012-08-24', '2012-10-03', 0, 1, 2, 1),
(2117, '01.06', 123366, '0000-00-00', '0000-00-00', '2012-08-14', '2012-08-24', 0, 2, 2, 1),
(2118, '01.05', 123366, '0000-00-00', '0000-00-00', '2011-08-24', '2011-09-03', 0, 0, 2, 1),
(2119, '01.04', 123366, '0000-00-00', '0000-00-00', '2011-08-24', '2011-10-03', 0, 0, 2, 1),
(2120, '01.03', 123366, '0000-00-00', '0000-00-00', '2012-08-14', '2012-08-24', 0, 2, 2, 1),
(2121, '01.02', 123366, '0000-00-00', '0000-00-00', '2011-08-19', '2011-10-03', 0, 0, 2, 1),
(2122, '01.01', 123366, '0000-00-00', '0000-00-00', '2012-08-14', '2012-08-19', 0, 2, 2, 1),
(2123, '01.00', 123366, '0000-00-00', '2011-07-30', '2012-12-12', '2012-12-12', 0, 4, 2, 1),
(2124, '04.01', 123367, '2011-07-30', '0000-00-00', '2012-11-17', '2012-11-21', 0, 1, 2, 1),
(2125, '04.02', 123367, '0000-00-00', '0000-00-00', '2011-11-21', '2011-11-22', 0, 0, 2, 1),
(2126, '04.03', 123367, '0000-00-00', '0000-00-00', '2011-11-21', '2011-11-22', 0, 0, 2, 1),
(2127, '03.01', 123368, '0000-00-00', '0000-00-00', '2012-11-17', '2012-11-22', 0, 0, 2, 1),
(2128, '03.02', 123368, '0000-00-00', '0000-00-00', '2012-11-17', '2012-11-22', 0, 0, 2, 1),
(2129, '03.03', 123368, '0000-00-00', '0000-00-00', '2012-11-12', '2012-11-21', 0, 0, 2, 1),
(2130, '03.04', 123368, '0000-00-00', '0000-00-00', '2012-11-12', '2012-11-21', 0, 0, 2, 1),
(2131, '02.00', 123369, '0000-00-00', '2011-07-29', '2012-10-03', '2012-10-13', 0, 4, 2, 1),
(2132, '02.08', 123369, '0000-00-00', '0000-00-00', '2012-10-18', '2012-11-12', 0, 0, 2, 1),
(2133, '02.07', 123369, '0000-00-00', '0000-00-00', '2012-10-13', '2012-10-18', 0, 2, 2, 1),
(2134, '02.06', 123369, '0000-00-00', '0000-00-00', '2012-10-23', '2012-11-12', 0, 0, 2, 1),
(2135, '02.05', 123369, '0000-00-00', '2013-10-18', '2012-10-13', '2012-10-23', 0, 4, 1, 1),
(2136, '02.04', 123369, '0000-00-00', '0000-00-00', '2012-10-13', '2012-11-17', 0, 2, 2, 1),
(2264, '04.03', 123391, '0000-00-00', '0000-00-00', '2011-11-21', '2011-11-22', 0, 0, 0, 1),
(2263, '04.02', 123391, '0000-00-00', '0000-00-00', '2011-11-21', '2011-11-22', 0, 0, 0, 1),
(2262, '04.01', 123391, '0000-00-00', '0000-00-00', '2011-11-17', '2011-11-21', 0, 0, 0, 1),
(2261, '01.00', 123390, '0000-00-00', '0000-00-00', '2011-12-12', '2011-12-12', 0, 0, 0, 1),
(2253, '01.08', 123390, '0000-00-00', '0000-00-00', '2011-08-24', '2011-09-03', 0, 0, 0, 1),
(2252, '01.09', 123390, '0000-00-00', '0000-00-00', '2011-09-03', '2011-10-03', 0, 0, 0, 1),
(2251, '02.01', 123389, '0000-00-00', '0000-00-00', '2011-10-13', '2011-10-18', 0, 0, 0, 1),
(2246, '02.06', 123389, '0000-00-00', '0000-00-00', '2011-10-23', '2011-11-12', 0, 0, 0, 1),
(2244, '02.08', 123389, '0000-00-00', '0000-00-00', '2011-10-18', '2011-11-12', 0, 0, 0, 1),
(2242, '03.04', 123388, '0000-00-00', '0000-00-00', '2011-11-12', '2011-11-21', 0, 0, 0, 1),
(2250, '02.02', 123389, '0000-00-00', '0000-00-00', '2011-10-18', '2011-11-12', 0, 0, 0, 1),
(2249, '02.03', 123389, '0000-00-00', '0000-00-00', '2011-11-12', '2011-11-17', 0, 0, 0, 1),
(2248, '02.04', 123389, '0000-00-00', '0000-00-00', '2011-10-13', '2011-11-17', 0, 0, 0, 1),
(2247, '02.05', 123389, '0000-00-00', '0000-00-00', '2011-10-13', '2011-10-23', 0, 0, 0, 1),
(2243, '02.00', 123389, '0000-00-00', '0000-00-00', '2011-10-03', '2011-10-13', 0, 0, 0, 1),
(2245, '02.07', 123389, '0000-00-00', '0000-00-00', '2011-10-13', '2011-10-18', 0, 0, 0, 1),
(2241, '03.03', 123388, '0000-00-00', '0000-00-00', '2011-11-12', '2011-11-21', 0, 0, 0, 1),
(2153, '05.01', 123372, '2011-08-02', '0000-00-00', '2011-08-02', '2011-09-02', 0, 1, 2, 2),
(2154, '05.02', 123372, '0000-00-00', '0000-00-00', '2011-11-27', '2011-12-07', 0, 0, 2, 2),
(2155, '05.03', 123372, '0000-00-00', '0000-00-00', '2011-12-07', '2011-12-11', 0, 0, 2, 2),
(2156, '06.01', 123373, '0000-00-00', '0000-00-00', '2011-12-11', '2011-12-12', 0, 0, 0, 2),
(2231, '01.00', 123384, '0000-00-00', '0000-00-00', '2012-12-12', '2012-12-12', 0, 0, 2, 1),
(2234, '04.03', 123385, '0000-00-00', '0000-00-00', '2012-11-21', '2012-11-22', 0, 0, 0, 1),
(2233, '04.02', 123385, '0000-00-00', '0000-00-00', '2012-11-21', '2012-11-22', 0, 0, 0, 1),
(2232, '04.01', 123385, '0000-00-00', '0000-00-00', '2012-11-17', '2012-11-21', 0, 0, 0, 1),
(2225, '01.06', 123384, '0000-00-00', '0000-00-00', '2012-08-14', '2012-08-24', 0, 0, 2, 1),
(2223, '01.08', 123384, '0000-00-00', '0000-00-00', '2012-08-24', '2012-09-03', 0, 0, 2, 1),
(2221, '02.01', 123383, '0000-00-00', '0000-00-00', '2012-10-13', '2012-10-18', 0, 0, 2, 1),
(2214, '02.08', 123383, '0000-00-00', '0000-00-00', '2012-10-18', '2012-11-12', 0, 0, 2, 1),
(2213, '02.00', 123383, '0000-00-00', '0000-00-00', '2012-10-03', '2012-10-13', 0, 0, 2, 1),
(2212, '03.04', 123382, '0000-00-00', '0000-00-00', '2012-11-12', '2012-11-21', 0, 0, 0, 1),
(2210, '03.02', 123382, '0000-00-00', '0000-00-00', '2012-11-12', '2012-11-17', 0, 0, 0, 1),
(2211, '03.03', 123382, '0000-00-00', '0000-00-00', '2012-11-12', '2012-11-21', 0, 0, 0, 1),
(2220, '02.02', 123383, '0000-00-00', '0000-00-00', '2012-10-18', '2012-11-12', 0, 0, 2, 1),
(2219, '02.03', 123383, '0000-00-00', '0000-00-00', '2012-11-12', '2012-11-17', 0, 0, 2, 1),
(2218, '02.04', 123383, '0000-00-00', '0000-00-00', '2012-10-13', '2012-11-17', 0, 0, 2, 1),
(2217, '02.05', 123383, '0000-00-00', '0000-00-00', '2012-10-13', '2012-10-23', 0, 0, 2, 1),
(2216, '02.06', 123383, '0000-00-00', '0000-00-00', '2012-10-23', '2012-11-12', 0, 0, 2, 1),
(2215, '02.07', 123383, '0000-00-00', '0000-00-00', '2012-10-13', '2012-10-18', 0, 0, 2, 1),
(2209, '03.01', 123382, '0000-00-00', '0000-00-00', '2012-11-12', '2012-11-17', 0, 0, 0, 1),
(2230, '01.01', 123384, '0000-00-00', '0000-00-00', '2012-08-14', '2012-08-19', 0, 0, 2, 1),
(2229, '01.02', 123384, '0000-00-00', '0000-00-00', '2012-08-19', '2012-10-03', 0, 0, 2, 1),
(2228, '01.03', 123384, '0000-00-00', '0000-00-00', '2012-08-14', '2012-08-24', 0, 0, 2, 1),
(2227, '01.04', 123384, '0000-00-00', '0000-00-00', '2012-08-24', '2012-10-03', 0, 0, 2, 1),
(2226, '01.05', 123384, '0000-00-00', '0000-00-00', '2012-08-24', '2012-09-03', 0, 0, 2, 1),
(2224, '01.07', 123384, '0000-00-00', '0000-00-00', '2012-08-24', '2012-10-03', 0, 0, 2, 1),
(2222, '01.09', 123384, '0000-00-00', '0000-00-00', '2012-09-03', '2012-10-03', 0, 0, 2, 1),
(2240, '03.02', 123388, '0000-00-00', '0000-00-00', '2011-11-12', '2011-11-17', 0, 0, 0, 1),
(2239, '03.01', 123388, '0000-00-00', '0000-00-00', '2011-11-12', '2011-11-17', 0, 0, 0, 1);

-- --------------------------------------------------------

--
-- Table structure for table `work_status_level_3`
--

CREATE TABLE IF NOT EXISTS `work_status_level_3` (
  `id_ws_3` int(20) NOT NULL AUTO_INCREMENT,
  `id_activity` varchar(20) NOT NULL,
  `id_ws_2` int(20) NOT NULL,
  `start_date` date NOT NULL,
  `end_date` date NOT NULL,
  `work_status` int(20) NOT NULL,
  `type` int(11) NOT NULL,
  `comment` varchar(255) NOT NULL,
  PRIMARY KEY (`id_ws_3`)
) ENGINE=MyISAM  DEFAULT CHARSET=latin1 AUTO_INCREMENT=133397 ;

--
-- Dumping data for table `work_status_level_3`
--

INSERT INTO `work_status_level_3` (`id_ws_3`, `id_activity`, `id_ws_2`, `start_date`, `end_date`, `work_status`, `type`, `comment`) VALUES
(133376, '01.02.05', 2259, '0000-00-00', '0000-00-00', 0, 1, ''),
(133334, '02.03.03', 2249, '0000-00-00', '0000-00-00', 0, 1, ''),
(133335, '02.03.02', 2249, '0000-00-00', '0000-00-00', 0, 1, ''),
(133336, '02.03.01', 2249, '0000-00-00', '0000-00-00', 0, 1, ''),
(132910, '04.03.02', 2152, '0000-00-00', '0000-00-00', 0, 1, ''),
(132909, '04.03.01', 2152, '2011-08-01', '2011-08-01', 4, 1, ''),
(133322, '02.06.05', 2246, '0000-00-00', '0000-00-00', 0, 1, ''),
(132906, '04.01.08', 2150, '0000-00-00', '2011-07-29', 4, 1, ''),
(132905, '04.01.07', 2150, '0000-00-00', '2011-07-29', 4, 1, ''),
(132904, '04.01.06', 2150, '0000-00-00', '2011-07-29', 4, 1, ''),
(132903, '04.01.05', 2150, '0000-00-00', '2011-07-29', 4, 1, ''),
(132902, '04.01.04', 2150, '0000-00-00', '2011-07-29', 4, 1, ''),
(132901, '04.01.03', 2150, '0000-00-00', '2011-07-29', 4, 1, ''),
(132900, '04.01.02', 2150, '0000-00-00', '2011-07-29', 4, 1, ''),
(132899, '04.01.01', 2150, '0000-00-00', '2011-07-29', 4, 1, ''),
(132898, '01.00.01', 2149, '0000-00-00', '2011-08-01', 1, 1, ''),
(132895, '01.01.03', 2148, '0000-00-00', '0000-00-00', 0, 1, ''),
(132896, '01.01.02', 2148, '0000-00-00', '0000-00-00', 2, 1, ''),
(132897, '01.01.01', 2148, '0000-00-00', '0000-00-00', 2, 1, ''),
(132908, '04.02.01', 2151, '0000-00-00', '0000-00-00', 0, 1, ''),
(132907, '04.01.09', 2150, '0000-00-00', '2011-07-29', 4, 1, ''),
(132894, '01.02.01', 2147, '0000-00-00', '0000-00-00', 0, 1, ''),
(132893, '01.02.02', 2147, '0000-00-00', '0000-00-00', 0, 1, ''),
(132892, '01.02.03', 2147, '0000-00-00', '0000-00-00', 0, 1, ''),
(132891, '01.02.04', 2147, '0000-00-00', '0000-00-00', 0, 1, ''),
(132890, '01.02.05', 2147, '0000-00-00', '0000-00-00', 0, 1, ''),
(132889, '01.02.06', 2147, '0000-00-00', '0000-00-00', 0, 1, ''),
(132888, '01.02.07', 2147, '0000-00-00', '0000-00-00', 0, 1, ''),
(132887, '01.02.08', 2147, '0000-00-00', '0000-00-00', 0, 1, ''),
(132886, '01.02.09', 2147, '0000-00-00', '0000-00-00', 0, 1, ''),
(132885, '01.02.10', 2147, '0000-00-00', '0000-00-00', 0, 1, ''),
(132884, '01.02.11', 2147, '0000-00-00', '0000-00-00', 0, 1, ''),
(132883, '01.02.12', 2147, '0000-00-00', '0000-00-00', 0, 1, ''),
(132882, '01.03.01', 2146, '0000-00-00', '0000-00-00', 2, 1, ''),
(132881, '01.04.01', 2145, '0000-00-00', '0000-00-00', 0, 1, ''),
(132880, '01.04.02', 2145, '0000-00-00', '0000-00-00', 0, 1, ''),
(132879, '01.04.03', 2145, '0000-00-00', '0000-00-00', 0, 1, ''),
(132878, '01.04.04', 2145, '0000-00-00', '0000-00-00', 0, 1, ''),
(132877, '01.04.05', 2145, '0000-00-00', '0000-00-00', 0, 1, ''),
(132876, '01.05.01', 2144, '0000-00-00', '0000-00-00', 0, 1, ''),
(132875, '01.06.01', 2143, '0000-00-00', '0000-00-00', 2, 1, ''),
(132874, '01.07.01', 2142, '0000-00-00', '0000-00-00', 0, 1, ''),
(132873, '01.07.02', 2142, '0000-00-00', '0000-00-00', 0, 1, ''),
(132872, '01.07.03', 2142, '0000-00-00', '0000-00-00', 0, 1, ''),
(132871, '01.07.04', 2142, '0000-00-00', '0000-00-00', 0, 1, ''),
(132870, '01.07.05', 2142, '0000-00-00', '0000-00-00', 0, 1, ''),
(132869, '01.08.01', 2141, '0000-00-00', '0000-00-00', 0, 1, ''),
(132868, '01.09.01', 2140, '0000-00-00', '0000-00-00', 0, 1, ''),
(132867, '01.09.02', 2140, '0000-00-00', '0000-00-00', 0, 1, ''),
(132866, '01.09.03', 2140, '0000-00-00', '0000-00-00', 0, 1, ''),
(132865, '02.01.01', 2139, '0000-00-00', '0000-00-00', 2, 1, ''),
(132864, '02.01.02', 2139, '0000-00-00', '0000-00-00', 2, 1, ''),
(132863, '02.01.03', 2139, '0000-00-00', '0000-00-00', 0, 1, ''),
(132862, '02.02.01', 2138, '0000-00-00', '0000-00-00', 0, 1, ''),
(132861, '02.02.02', 2138, '0000-00-00', '0000-00-00', 0, 1, ''),
(132860, '02.02.03', 2138, '0000-00-00', '0000-00-00', 0, 1, ''),
(132859, '02.02.04', 2138, '0000-00-00', '0000-00-00', 0, 1, ''),
(132856, '02.02.07', 2138, '0000-00-00', '0000-00-00', 0, 1, ''),
(132857, '02.02.06', 2138, '0000-00-00', '0000-00-00', 0, 1, ''),
(132858, '02.02.05', 2138, '0000-00-00', '0000-00-00', 0, 1, ''),
(132835, '02.06.06', 2134, '0000-00-00', '0000-00-00', 0, 1, ''),
(132855, '02.02.08', 2138, '0000-00-00', '0000-00-00', 0, 1, ''),
(132854, '02.02.09', 2138, '0000-00-00', '0000-00-00', 0, 1, ''),
(132853, '02.02.10', 2138, '0000-00-00', '0000-00-00', 0, 1, ''),
(132852, '02.02.11', 2138, '0000-00-00', '0000-00-00', 0, 1, ''),
(132851, '02.02.12', 2138, '0000-00-00', '0000-00-00', 0, 1, ''),
(132850, '02.03.01', 2137, '0000-00-00', '0000-00-00', 0, 1, ''),
(132849, '02.03.02', 2137, '0000-00-00', '0000-00-00', 0, 1, ''),
(132848, '02.03.03', 2137, '0000-00-00', '0000-00-00', 0, 1, ''),
(132847, '02.04.01', 2136, '0000-00-00', '0000-00-00', 2, 1, ''),
(132846, '02.04.02', 2136, '0000-00-00', '0000-00-00', 0, 1, ''),
(132845, '02.04.03', 2136, '0000-00-00', '0000-00-00', 0, 1, ''),
(132842, '02.05.03', 2135, '0000-00-00', '0000-00-00', 0, 1, ''),
(132841, '02.05.04', 2135, '0000-00-00', '0000-00-00', 0, 1, ''),
(132840, '02.06.01', 2134, '0000-00-00', '0000-00-00', 0, 1, ''),
(132839, '02.06.02', 2134, '0000-00-00', '0000-00-00', 0, 1, ''),
(132838, '02.06.03', 2134, '0000-00-00', '0000-00-00', 0, 1, ''),
(132837, '02.06.04', 2134, '0000-00-00', '0000-00-00', 0, 1, ''),
(132836, '02.06.05', 2134, '0000-00-00', '0000-00-00', 0, 1, ''),
(132834, '02.07.01', 2133, '0000-00-00', '0000-00-00', 2, 1, ''),
(132833, '02.07.02', 2133, '0000-00-00', '0000-00-00', 0, 1, ''),
(132832, '02.08.01', 2132, '0000-00-00', '0000-00-00', 0, 1, ''),
(132844, '02.05.01', 2135, '0000-00-00', '0000-00-00', 2, 1, ''),
(132843, '02.05.02', 2135, '0000-00-00', '0000-00-00', 0, 1, ''),
(133321, '02.06.06', 2246, '0000-00-00', '0000-00-00', 0, 1, ''),
(133319, '02.07.02', 2245, '0000-00-00', '0000-00-00', 0, 1, ''),
(133320, '02.07.01', 2245, '0000-00-00', '0000-00-00', 0, 1, ''),
(132831, '02.08.02', 2132, '0000-00-00', '0000-00-00', 0, 1, ''),
(132830, '02.08.03', 2132, '0000-00-00', '0000-00-00', 0, 1, ''),
(132829, '02.08.04', 2132, '0000-00-00', '0000-00-00', 0, 1, ''),
(132733, '02.05.01', 2109, '0000-00-00', '2011-07-30', 2, 1, ''),
(132709, '03.03.03', 2103, '0000-00-00', '0000-00-00', 0, 1, ''),
(132710, '03.03.04', 2103, '0000-00-00', '0000-00-00', 0, 1, ''),
(132711, '03.04.01', 2104, '0000-00-00', '0000-00-00', 0, 1, ''),
(132712, '03.04.02', 2104, '0000-00-00', '0000-00-00', 0, 1, ''),
(132713, '03.04.03', 2104, '0000-00-00', '0000-00-00', 0, 1, ''),
(132714, '03.04.04', 2104, '0000-00-00', '0000-00-00', 0, 1, ''),
(132715, '02.00.01', 2105, '0000-00-00', '2011-07-30', 4, 1, ''),
(132716, '02.08.06', 2106, '0000-00-00', '0000-00-00', 0, 1, ''),
(132717, '02.08.05', 2106, '0000-00-00', '0000-00-00', 0, 1, ''),
(132718, '02.08.04', 2106, '0000-00-00', '0000-00-00', 0, 1, ''),
(132719, '02.08.03', 2106, '0000-00-00', '0000-00-00', 0, 1, ''),
(132720, '02.08.02', 2106, '0000-00-00', '0000-00-00', 0, 1, ''),
(132721, '02.08.01', 2106, '0000-00-00', '0000-00-00', 0, 1, ''),
(132722, '02.07.02', 2107, '0000-00-00', '2011-07-30', 4, 1, ''),
(132723, '02.07.01', 2107, '0000-00-00', '2011-07-30', 2, 1, ''),
(132724, '02.06.06', 2108, '0000-00-00', '0000-00-00', 0, 1, ''),
(132725, '02.06.05', 2108, '0000-00-00', '0000-00-00', 0, 1, ''),
(132726, '02.06.04', 2108, '0000-00-00', '0000-00-00', 0, 1, ''),
(132727, '02.06.03', 2108, '0000-00-00', '0000-00-00', 0, 1, ''),
(132728, '02.06.02', 2108, '0000-00-00', '0000-00-00', 0, 1, ''),
(132729, '02.06.01', 2108, '0000-00-00', '0000-00-00', 0, 1, ''),
(132730, '02.05.04', 2109, '0000-00-00', '0000-00-00', 0, 1, ''),
(132731, '02.05.03', 2109, '0000-00-00', '0000-00-00', 0, 1, ''),
(132732, '02.05.02', 2109, '0000-00-00', '2011-07-30', 4, 1, ''),
(132708, '03.03.02', 2103, '0000-00-00', '0000-00-00', 0, 1, ''),
(132706, '03.02.03', 2102, '0000-00-00', '0000-00-00', 0, 1, ''),
(132707, '03.03.01', 2103, '0000-00-00', '0000-00-00', 0, 1, ''),
(132705, '03.02.02', 2102, '0000-00-00', '0000-00-00', 0, 1, ''),
(132697, '03.01.04', 2101, '0000-00-00', '0000-00-00', 0, 1, ''),
(132698, '03.01.03', 2101, '0000-00-00', '0000-00-00', 0, 1, ''),
(132699, '03.01.02', 2101, '0000-00-00', '0000-00-00', 0, 1, ''),
(132700, '03.01.01', 2101, '0000-00-00', '0000-00-00', 0, 1, ''),
(132701, '03.01.13', 2101, '0000-00-00', '0000-00-00', 0, 1, ''),
(132702, '03.01.14', 2101, '0000-00-00', '0000-00-00', 0, 1, ''),
(132703, '03.01.15', 2101, '0000-00-00', '0000-00-00', 0, 1, ''),
(132704, '03.02.01', 2102, '0000-00-00', '0000-00-00', 0, 1, ''),
(132696, '03.01.05', 2101, '0000-00-00', '0000-00-00', 0, 1, ''),
(132695, '03.01.06', 2101, '0000-00-00', '0000-00-00', 0, 1, ''),
(132694, '03.01.07', 2101, '0000-00-00', '0000-00-00', 0, 1, ''),
(132692, '03.01.09', 2101, '0000-00-00', '0000-00-00', 0, 1, ''),
(132693, '03.01.08', 2101, '0000-00-00', '0000-00-00', 0, 1, ''),
(132828, '02.08.05', 2132, '0000-00-00', '0000-00-00', 0, 1, ''),
(132827, '02.08.06', 2132, '0000-00-00', '0000-00-00', 0, 1, ''),
(132826, '02.00.01', 2131, '0000-00-00', '2011-07-29', 4, 1, ''),
(132825, '03.04.04', 2130, '0000-00-00', '0000-00-00', 0, 1, ''),
(132824, '03.04.03', 2130, '0000-00-00', '0000-00-00', 0, 1, ''),
(132823, '03.04.02', 2130, '0000-00-00', '0000-00-00', 0, 1, ''),
(132822, '03.04.01', 2130, '0000-00-00', '0000-00-00', 0, 1, ''),
(132821, '03.03.04', 2129, '0000-00-00', '0000-00-00', 0, 1, ''),
(132820, '03.03.03', 2129, '0000-00-00', '0000-00-00', 0, 1, ''),
(132819, '03.03.02', 2129, '0000-00-00', '0000-00-00', 0, 1, ''),
(132818, '03.03.01', 2129, '0000-00-00', '0000-00-00', 0, 1, ''),
(132817, '03.02.03', 2128, '0000-00-00', '0000-00-00', 0, 1, ''),
(132816, '03.02.02', 2128, '0000-00-00', '0000-00-00', 0, 1, ''),
(132815, '03.02.01', 2128, '0000-00-00', '0000-00-00', 0, 1, ''),
(132814, '03.01.15', 2127, '0000-00-00', '0000-00-00', 0, 1, ''),
(132813, '03.01.14', 2127, '0000-00-00', '0000-00-00', 0, 1, ''),
(132812, '03.01.13', 2127, '0000-00-00', '0000-00-00', 0, 1, ''),
(132811, '03.01.01', 2127, '0000-00-00', '0000-00-00', 0, 1, ''),
(132810, '03.01.02', 2127, '0000-00-00', '0000-00-00', 0, 1, ''),
(132809, '03.01.03', 2127, '0000-00-00', '0000-00-00', 0, 1, ''),
(132808, '03.01.04', 2127, '0000-00-00', '0000-00-00', 0, 1, ''),
(132807, '03.01.05', 2127, '0000-00-00', '0000-00-00', 0, 1, ''),
(132806, '03.01.06', 2127, '0000-00-00', '0000-00-00', 0, 1, ''),
(132805, '03.01.07', 2127, '0000-00-00', '0000-00-00', 0, 1, ''),
(132804, '03.01.08', 2127, '0000-00-00', '0000-00-00', 0, 1, ''),
(132803, '03.01.09', 2127, '0000-00-00', '0000-00-00', 0, 1, ''),
(132770, '01.04.01', 2119, '0000-00-00', '0000-00-00', 0, 1, ''),
(132775, '01.02.09', 2121, '0000-00-00', '0000-00-00', 0, 1, ''),
(132774, '01.02.10', 2121, '0000-00-00', '0000-00-00', 0, 1, ''),
(132773, '01.02.11', 2121, '0000-00-00', '0000-00-00', 0, 1, ''),
(132772, '01.02.12', 2121, '0000-00-00', '0000-00-00', 0, 1, ''),
(132771, '01.03.01', 2120, '0000-00-00', '0000-00-00', 2, 1, ''),
(132776, '01.02.08', 2121, '0000-00-00', '0000-00-00', 0, 1, ''),
(132781, '01.02.03', 2121, '0000-00-00', '0000-00-00', 0, 1, ''),
(132780, '01.02.04', 2121, '0000-00-00', '0000-00-00', 0, 1, ''),
(132779, '01.02.05', 2121, '0000-00-00', '0000-00-00', 0, 1, ''),
(132778, '01.02.06', 2121, '0000-00-00', '0000-00-00', 0, 1, ''),
(132777, '01.02.07', 2121, '0000-00-00', '0000-00-00', 0, 1, ''),
(132784, '01.01.03', 2122, '0000-00-00', '0000-00-00', 0, 1, ''),
(132783, '01.02.01', 2121, '0000-00-00', '0000-00-00', 0, 1, ''),
(132782, '01.02.02', 2121, '0000-00-00', '0000-00-00', 0, 1, ''),
(132789, '04.01.02', 2124, '0000-00-00', '2011-07-30', 4, 1, ''),
(132788, '04.01.01', 2124, '0000-00-00', '2011-07-30', 4, 1, ''),
(132787, '01.00.01', 2123, '0000-00-00', '2011-07-30', 4, 1, ''),
(132786, '01.01.01', 2122, '0000-00-00', '2011-08-01', 2, 1, ''),
(132785, '01.01.02', 2122, '0000-00-00', '2011-08-01', 2, 1, ''),
(132800, '03.01.12', 2127, '0000-00-00', '0000-00-00', 0, 1, ''),
(132799, '04.03.02', 2126, '0000-00-00', '2011-07-30', 4, 1, ''),
(132798, '04.03.01', 2126, '0000-00-00', '0000-00-00', 0, 1, ''),
(132797, '04.02.01', 2125, '0000-00-00', '0000-00-00', 0, 1, ''),
(132796, '04.01.09', 2124, '0000-00-00', '0000-00-00', 0, 1, ''),
(132795, '04.01.08', 2124, '2011-07-30', '0000-00-00', 1, 1, ''),
(132794, '04.01.07', 2124, '0000-00-00', '0000-00-00', 0, 1, ''),
(132793, '04.01.06', 2124, '0000-00-00', '0000-00-00', 0, 1, ''),
(132792, '04.01.05', 2124, '0000-00-00', '0000-00-00', 0, 1, ''),
(132791, '04.01.04', 2124, '0000-00-00', '0000-00-00', 0, 1, ''),
(132790, '04.01.03', 2124, '0000-00-00', '2011-07-30', 4, 1, ''),
(132802, '03.01.10', 2127, '0000-00-00', '0000-00-00', 0, 1, ''),
(132801, '03.01.11', 2127, '0000-00-00', '0000-00-00', 0, 1, ''),
(132750, '02.02.02', 2112, '0000-00-00', '0000-00-00', 0, 1, ''),
(132749, '02.02.03', 2112, '0000-00-00', '0000-00-00', 0, 1, ''),
(132746, '02.02.06', 2112, '0000-00-00', '0000-00-00', 0, 1, ''),
(132747, '02.02.05', 2112, '0000-00-00', '0000-00-00', 0, 1, ''),
(132748, '02.02.04', 2112, '0000-00-00', '0000-00-00', 0, 1, ''),
(132761, '01.07.03', 2116, '0000-00-00', '0000-00-00', 0, 1, ''),
(132751, '02.02.01', 2112, '0000-00-00', '2011-08-01', 4, 1, ''),
(132752, '02.01.03', 2113, '0000-00-00', '2011-07-30', 4, 1, ''),
(132753, '02.01.02', 2113, '0000-00-00', '2011-07-30', 4, 1, ''),
(132754, '02.01.01', 2113, '0000-00-00', '2011-07-30', 2, 1, ''),
(132755, '01.09.03', 2114, '0000-00-00', '0000-00-00', 0, 1, ''),
(132756, '01.09.02', 2114, '0000-00-00', '0000-00-00', 0, 1, ''),
(132757, '01.09.01', 2114, '0000-00-00', '0000-00-00', 0, 1, ''),
(132758, '01.08.01', 2115, '0000-00-00', '0000-00-00', 0, 1, ''),
(132759, '01.07.05', 2116, '0000-00-00', '0000-00-00', 0, 1, ''),
(132760, '01.07.04', 2116, '0000-00-00', '0000-00-00', 0, 1, ''),
(132767, '01.04.04', 2119, '0000-00-00', '0000-00-00', 0, 1, ''),
(132766, '01.04.05', 2119, '0000-00-00', '0000-00-00', 0, 1, ''),
(132765, '01.05.01', 2118, '0000-00-00', '0000-00-00', 0, 1, ''),
(132764, '01.06.01', 2117, '0000-00-00', '0000-00-00', 2, 1, ''),
(132763, '01.07.01', 2116, '2011-07-30', '0000-00-00', 1, 1, ''),
(132762, '01.07.02', 2116, '0000-00-00', '0000-00-00', 0, 1, ''),
(132769, '01.04.02', 2119, '0000-00-00', '0000-00-00', 0, 1, ''),
(132768, '01.04.03', 2119, '0000-00-00', '0000-00-00', 0, 1, ''),
(132745, '02.02.07', 2112, '0000-00-00', '0000-00-00', 0, 1, ''),
(132744, '02.02.08', 2112, '0000-00-00', '0000-00-00', 0, 1, ''),
(132743, '02.02.09', 2112, '0000-00-00', '0000-00-00', 0, 1, ''),
(132742, '02.02.10', 2112, '0000-00-00', '0000-00-00', 0, 1, ''),
(132741, '02.02.11', 2112, '0000-00-00', '0000-00-00', 0, 1, ''),
(132740, '02.02.12', 2112, '0000-00-00', '0000-00-00', 0, 1, ''),
(132739, '02.03.01', 2111, '0000-00-00', '0000-00-00', 0, 1, ''),
(132738, '02.03.02', 2111, '0000-00-00', '0000-00-00', 0, 1, ''),
(132737, '02.03.03', 2111, '0000-00-00', '0000-00-00', 0, 1, ''),
(132736, '02.04.01', 2110, '0000-00-00', '2011-07-30', 1, 1, ''),
(132735, '02.04.02', 2110, '2011-07-30', '2011-07-30', 4, 1, ''),
(132734, '02.04.03', 2110, '0000-00-00', '0000-00-00', 0, 1, ''),
(132691, '03.01.10', 2101, '0000-00-00', '0000-00-00', 0, 1, ''),
(132690, '03.01.11', 2101, '0000-00-00', '0000-00-00', 0, 1, ''),
(132689, '03.01.12', 2101, '0000-00-00', '0000-00-00', 0, 1, ''),
(133396, '04.03.02', 2264, '0000-00-00', '0000-00-00', 0, 1, ''),
(133395, '04.03.01', 2264, '0000-00-00', '0000-00-00', 0, 1, ''),
(133393, '04.01.09', 2262, '0000-00-00', '0000-00-00', 0, 1, ''),
(133392, '04.01.08', 2262, '0000-00-00', '0000-00-00', 0, 1, ''),
(133391, '04.01.07', 2262, '0000-00-00', '0000-00-00', 0, 1, ''),
(133390, '04.01.06', 2262, '0000-00-00', '0000-00-00', 0, 1, ''),
(133389, '04.01.05', 2262, '0000-00-00', '0000-00-00', 0, 1, ''),
(133388, '04.01.04', 2262, '0000-00-00', '0000-00-00', 0, 1, ''),
(133386, '04.01.02', 2262, '0000-00-00', '0000-00-00', 0, 1, ''),
(133385, '04.01.01', 2262, '0000-00-00', '0000-00-00', 0, 1, ''),
(133384, '01.00.01', 2261, '0000-00-00', '0000-00-00', 0, 1, ''),
(133383, '01.01.01', 2260, '0000-00-00', '0000-00-00', 0, 1, ''),
(133382, '01.01.02', 2260, '0000-00-00', '0000-00-00', 0, 1, ''),
(133381, '01.01.03', 2260, '0000-00-00', '0000-00-00', 0, 1, ''),
(133380, '01.02.01', 2259, '0000-00-00', '0000-00-00', 0, 1, ''),
(133379, '01.02.02', 2259, '0000-00-00', '0000-00-00', 0, 1, ''),
(133378, '01.02.03', 2259, '0000-00-00', '0000-00-00', 0, 1, ''),
(133377, '01.02.04', 2259, '0000-00-00', '0000-00-00', 0, 1, ''),
(133375, '01.02.06', 2259, '0000-00-00', '0000-00-00', 0, 1, ''),
(133374, '01.02.07', 2259, '0000-00-00', '0000-00-00', 0, 1, ''),
(133373, '01.02.08', 2259, '0000-00-00', '0000-00-00', 0, 1, ''),
(133372, '01.02.09', 2259, '0000-00-00', '0000-00-00', 0, 1, ''),
(133371, '01.02.10', 2259, '0000-00-00', '0000-00-00', 0, 1, ''),
(133370, '01.02.11', 2259, '0000-00-00', '0000-00-00', 0, 1, ''),
(133369, '01.02.12', 2259, '0000-00-00', '0000-00-00', 0, 1, ''),
(133368, '01.03.01', 2258, '0000-00-00', '0000-00-00', 0, 1, ''),
(133367, '01.04.01', 2257, '0000-00-00', '0000-00-00', 0, 1, ''),
(133366, '01.04.02', 2257, '0000-00-00', '0000-00-00', 0, 1, ''),
(133365, '01.04.03', 2257, '0000-00-00', '0000-00-00', 0, 1, ''),
(133364, '01.04.04', 2257, '0000-00-00', '0000-00-00', 0, 1, ''),
(133363, '01.04.05', 2257, '0000-00-00', '0000-00-00', 0, 1, ''),
(133362, '01.05.01', 2256, '0000-00-00', '0000-00-00', 0, 1, ''),
(133361, '01.06.01', 2255, '0000-00-00', '0000-00-00', 0, 1, ''),
(133360, '01.07.01', 2254, '0000-00-00', '0000-00-00', 0, 1, ''),
(133359, '01.07.02', 2254, '0000-00-00', '0000-00-00', 0, 1, ''),
(133358, '01.07.03', 2254, '0000-00-00', '0000-00-00', 0, 1, ''),
(133357, '01.07.04', 2254, '0000-00-00', '0000-00-00', 0, 1, ''),
(133356, '01.07.05', 2254, '0000-00-00', '0000-00-00', 0, 1, ''),
(133354, '01.09.01', 2252, '0000-00-00', '0000-00-00', 0, 1, ''),
(133353, '01.09.02', 2252, '0000-00-00', '0000-00-00', 0, 1, ''),
(133352, '01.09.03', 2252, '0000-00-00', '0000-00-00', 0, 1, ''),
(133351, '02.01.01', 2251, '0000-00-00', '0000-00-00', 0, 1, ''),
(133350, '02.01.02', 2251, '0000-00-00', '0000-00-00', 0, 1, ''),
(133349, '02.01.03', 2251, '0000-00-00', '0000-00-00', 0, 1, ''),
(133348, '02.02.01', 2250, '0000-00-00', '0000-00-00', 0, 1, ''),
(133347, '02.02.02', 2250, '0000-00-00', '0000-00-00', 0, 1, ''),
(133346, '02.02.03', 2250, '0000-00-00', '0000-00-00', 0, 1, ''),
(133344, '02.02.05', 2250, '0000-00-00', '0000-00-00', 0, 1, ''),
(133343, '02.02.06', 2250, '0000-00-00', '0000-00-00', 0, 1, ''),
(133342, '02.02.07', 2250, '0000-00-00', '0000-00-00', 0, 1, ''),
(133341, '02.02.08', 2250, '0000-00-00', '0000-00-00', 0, 1, ''),
(133340, '02.02.09', 2250, '0000-00-00', '0000-00-00', 0, 1, ''),
(133339, '02.02.10', 2250, '0000-00-00', '0000-00-00', 0, 1, ''),
(133338, '02.02.11', 2250, '0000-00-00', '0000-00-00', 0, 1, ''),
(133337, '02.02.12', 2250, '0000-00-00', '0000-00-00', 0, 1, ''),
(133333, '02.04.01', 2248, '0000-00-00', '0000-00-00', 0, 1, ''),
(133332, '02.04.02', 2248, '0000-00-00', '0000-00-00', 0, 1, ''),
(133331, '02.04.03', 2248, '0000-00-00', '0000-00-00', 0, 1, ''),
(133330, '02.05.01', 2247, '0000-00-00', '0000-00-00', 0, 1, ''),
(133329, '02.05.02', 2247, '0000-00-00', '0000-00-00', 0, 1, ''),
(133328, '02.05.03', 2247, '0000-00-00', '0000-00-00', 0, 1, ''),
(133327, '02.05.04', 2247, '0000-00-00', '0000-00-00', 0, 1, ''),
(133326, '02.06.01', 2246, '0000-00-00', '0000-00-00', 0, 1, ''),
(133325, '02.06.02', 2246, '0000-00-00', '0000-00-00', 0, 1, ''),
(133324, '02.06.03', 2246, '0000-00-00', '0000-00-00', 0, 1, ''),
(133323, '02.06.04', 2246, '0000-00-00', '0000-00-00', 0, 1, ''),
(133318, '02.08.01', 2244, '0000-00-00', '0000-00-00', 0, 1, ''),
(133317, '02.08.02', 2244, '0000-00-00', '0000-00-00', 0, 1, ''),
(133316, '02.08.03', 2244, '0000-00-00', '0000-00-00', 0, 1, ''),
(133315, '02.08.04', 2244, '0000-00-00', '0000-00-00', 0, 1, ''),
(133314, '02.08.05', 2244, '0000-00-00', '0000-00-00', 0, 1, ''),
(133313, '02.08.06', 2244, '0000-00-00', '0000-00-00', 0, 1, ''),
(133312, '02.00.01', 2243, '0000-00-00', '0000-00-00', 0, 1, ''),
(133311, '03.04.04', 2242, '0000-00-00', '0000-00-00', 0, 1, ''),
(133310, '03.04.03', 2242, '0000-00-00', '0000-00-00', 0, 1, ''),
(133309, '03.04.02', 2242, '0000-00-00', '0000-00-00', 0, 1, ''),
(133308, '03.04.01', 2242, '0000-00-00', '0000-00-00', 0, 1, ''),
(133307, '03.03.04', 2241, '0000-00-00', '0000-00-00', 0, 1, ''),
(133355, '01.08.01', 2253, '0000-00-00', '0000-00-00', 0, 1, ''),
(133345, '02.02.04', 2250, '0000-00-00', '0000-00-00', 0, 1, ''),
(132911, '05.01.01', 2153, '2011-08-02', '0000-00-00', 1, 2, ''),
(132912, '05.01.02', 2153, '0000-00-00', '0000-00-00', 0, 2, ''),
(132913, '05.01.03', 2153, '0000-00-00', '0000-00-00', 0, 2, ''),
(132914, '05.01.04', 2153, '0000-00-00', '0000-00-00', 0, 2, ''),
(132915, '05.01.05', 2153, '0000-00-00', '0000-00-00', 0, 2, ''),
(132916, '05.01.06', 2153, '0000-00-00', '0000-00-00', 0, 2, ''),
(132917, '05.02.01', 2154, '0000-00-00', '0000-00-00', 0, 2, ''),
(132918, '05.02.02', 2154, '0000-00-00', '0000-00-00', 0, 2, ''),
(132919, '05.03.01', 2155, '0000-00-00', '0000-00-00', 0, 2, ''),
(132920, '05.03.02', 2155, '0000-00-00', '0000-00-00', 0, 2, ''),
(132921, '05.03.03', 2155, '0000-00-00', '0000-00-00', 0, 2, ''),
(132922, '05.03.04', 2155, '0000-00-00', '0000-00-00', 0, 2, ''),
(132923, '05.03.05', 2155, '0000-00-00', '0000-00-00', 0, 2, ''),
(132924, '05.03.06', 2155, '0000-00-00', '0000-00-00', 0, 2, ''),
(132925, '05.03.07', 2155, '0000-00-00', '0000-00-00', 0, 2, ''),
(132926, '05.03.08', 2155, '0000-00-00', '0000-00-00', 0, 2, ''),
(132927, '06.01.01', 2156, '0000-00-00', '0000-00-00', 0, 2, ''),
(132928, '06.01.02', 2156, '0000-00-00', '0000-00-00', 0, 2, ''),
(132929, '06.01.03', 2156, '0000-00-00', '0000-00-00', 0, 2, ''),
(132930, '06.01.04', 2156, '0000-00-00', '0000-00-00', 0, 2, ''),
(132931, '06.01.05', 2156, '0000-00-00', '0000-00-00', 0, 2, ''),
(133262, '04.02.01', 2233, '0000-00-00', '0000-00-00', 0, 1, ''),
(133261, '04.01.09', 2232, '0000-00-00', '0000-00-00', 0, 1, ''),
(133260, '04.01.08', 2232, '0000-00-00', '0000-00-00', 0, 1, ''),
(133259, '04.01.07', 2232, '0000-00-00', '0000-00-00', 0, 1, ''),
(133258, '04.01.06', 2232, '0000-00-00', '0000-00-00', 0, 1, ''),
(133257, '04.01.05', 2232, '0000-00-00', '0000-00-00', 0, 1, ''),
(133256, '04.01.04', 2232, '0000-00-00', '0000-00-00', 0, 1, ''),
(133255, '04.01.03', 2232, '0000-00-00', '0000-00-00', 0, 1, ''),
(133254, '04.01.02', 2232, '0000-00-00', '0000-00-00', 0, 1, ''),
(133253, '04.01.01', 2232, '0000-00-00', '0000-00-00', 0, 1, ''),
(133252, '01.00.01', 2231, '0000-00-00', '0000-00-00', 0, 1, ''),
(133251, '01.01.01', 2230, '0000-00-00', '0000-00-00', 0, 1, ''),
(133250, '01.01.02', 2230, '0000-00-00', '0000-00-00', 0, 1, ''),
(133247, '01.02.02', 2229, '0000-00-00', '0000-00-00', 0, 1, ''),
(133246, '01.02.03', 2229, '0000-00-00', '0000-00-00', 0, 1, ''),
(133245, '01.02.04', 2229, '0000-00-00', '0000-00-00', 0, 1, ''),
(133244, '01.02.05', 2229, '0000-00-00', '0000-00-00', 0, 1, ''),
(133243, '01.02.06', 2229, '0000-00-00', '0000-00-00', 0, 1, ''),
(133242, '01.02.07', 2229, '0000-00-00', '0000-00-00', 0, 1, ''),
(133241, '01.02.08', 2229, '0000-00-00', '0000-00-00', 0, 1, ''),
(133240, '01.02.09', 2229, '0000-00-00', '0000-00-00', 0, 1, ''),
(133239, '01.02.10', 2229, '0000-00-00', '0000-00-00', 0, 1, ''),
(133238, '01.02.11', 2229, '0000-00-00', '0000-00-00', 0, 1, ''),
(133237, '01.02.12', 2229, '0000-00-00', '0000-00-00', 0, 1, ''),
(133236, '01.03.01', 2228, '0000-00-00', '0000-00-00', 0, 1, ''),
(133235, '01.04.01', 2227, '0000-00-00', '0000-00-00', 0, 1, ''),
(133233, '01.04.03', 2227, '0000-00-00', '0000-00-00', 0, 1, ''),
(133232, '01.04.04', 2227, '0000-00-00', '0000-00-00', 0, 1, ''),
(133231, '01.04.05', 2227, '0000-00-00', '0000-00-00', 0, 1, ''),
(133230, '01.05.01', 2226, '0000-00-00', '0000-00-00', 0, 1, ''),
(133229, '01.06.01', 2225, '0000-00-00', '0000-00-00', 0, 1, ''),
(133228, '01.07.01', 2224, '0000-00-00', '0000-00-00', 0, 1, ''),
(133227, '01.07.02', 2224, '0000-00-00', '0000-00-00', 0, 1, ''),
(133225, '01.07.04', 2224, '0000-00-00', '0000-00-00', 0, 1, ''),
(133224, '01.07.05', 2224, '0000-00-00', '0000-00-00', 0, 1, ''),
(133223, '01.08.01', 2223, '0000-00-00', '0000-00-00', 0, 1, ''),
(133222, '01.09.01', 2222, '0000-00-00', '0000-00-00', 0, 1, ''),
(133221, '01.09.02', 2222, '0000-00-00', '0000-00-00', 0, 1, ''),
(133220, '01.09.03', 2222, '0000-00-00', '0000-00-00', 0, 1, ''),
(133219, '02.01.01', 2221, '0000-00-00', '0000-00-00', 0, 1, ''),
(133218, '02.01.02', 2221, '0000-00-00', '0000-00-00', 0, 1, ''),
(133217, '02.01.03', 2221, '0000-00-00', '0000-00-00', 0, 1, ''),
(133205, '02.02.12', 2220, '0000-00-00', '0000-00-00', 0, 1, ''),
(133204, '02.03.01', 2219, '0000-00-00', '0000-00-00', 0, 1, ''),
(133203, '02.03.02', 2219, '0000-00-00', '0000-00-00', 0, 1, ''),
(133216, '02.02.01', 2220, '0000-00-00', '0000-00-00', 0, 1, ''),
(133215, '02.02.02', 2220, '0000-00-00', '0000-00-00', 0, 1, ''),
(133214, '02.02.03', 2220, '0000-00-00', '0000-00-00', 0, 1, ''),
(133213, '02.02.04', 2220, '0000-00-00', '0000-00-00', 0, 1, ''),
(133212, '02.02.05', 2220, '0000-00-00', '0000-00-00', 0, 1, ''),
(133211, '02.02.06', 2220, '0000-00-00', '0000-00-00', 0, 1, ''),
(133210, '02.02.07', 2220, '0000-00-00', '0000-00-00', 0, 1, ''),
(133209, '02.02.08', 2220, '0000-00-00', '0000-00-00', 0, 1, ''),
(133208, '02.02.09', 2220, '0000-00-00', '0000-00-00', 0, 1, ''),
(133207, '02.02.10', 2220, '0000-00-00', '0000-00-00', 0, 1, ''),
(133206, '02.02.11', 2220, '0000-00-00', '0000-00-00', 0, 1, ''),
(133202, '02.03.03', 2219, '0000-00-00', '0000-00-00', 0, 1, ''),
(133201, '02.04.01', 2218, '0000-00-00', '0000-00-00', 0, 1, ''),
(133200, '02.04.02', 2218, '0000-00-00', '0000-00-00', 0, 1, ''),
(133199, '02.04.03', 2218, '0000-00-00', '0000-00-00', 0, 1, ''),
(133198, '02.05.01', 2217, '0000-00-00', '0000-00-00', 0, 1, ''),
(133197, '02.05.02', 2217, '0000-00-00', '0000-00-00', 0, 1, ''),
(133196, '02.05.03', 2217, '0000-00-00', '0000-00-00', 0, 1, ''),
(133195, '02.05.04', 2217, '0000-00-00', '0000-00-00', 0, 1, ''),
(133194, '02.06.01', 2216, '0000-00-00', '0000-00-00', 0, 1, ''),
(133193, '02.06.02', 2216, '0000-00-00', '0000-00-00', 0, 1, ''),
(133192, '02.06.03', 2216, '0000-00-00', '0000-00-00', 0, 1, ''),
(133191, '02.06.04', 2216, '0000-00-00', '0000-00-00', 0, 1, ''),
(133190, '02.06.05', 2216, '0000-00-00', '0000-00-00', 0, 1, ''),
(133189, '02.06.06', 2216, '0000-00-00', '0000-00-00', 0, 1, ''),
(133187, '02.07.02', 2215, '0000-00-00', '0000-00-00', 0, 1, ''),
(133186, '02.08.01', 2214, '0000-00-00', '0000-00-00', 0, 1, ''),
(133185, '02.08.02', 2214, '0000-00-00', '0000-00-00', 0, 1, ''),
(133184, '02.08.03', 2214, '0000-00-00', '0000-00-00', 0, 1, ''),
(133183, '02.08.04', 2214, '0000-00-00', '0000-00-00', 0, 1, ''),
(133182, '02.08.05', 2214, '0000-00-00', '0000-00-00', 0, 1, ''),
(133180, '02.00.01', 2213, '0000-00-00', '0000-00-00', 0, 1, ''),
(133179, '03.04.04', 2212, '0000-00-00', '0000-00-00', 0, 1, ''),
(133157, '03.01.09', 2209, '0000-00-00', '0000-00-00', 0, 1, ''),
(133156, '03.01.10', 2209, '0000-00-00', '0000-00-00', 0, 1, ''),
(133155, '03.01.11', 2209, '0000-00-00', '0000-00-00', 0, 1, ''),
(133154, '03.01.12', 2209, '0000-00-00', '0000-00-00', 0, 1, ''),
(133178, '03.04.03', 2212, '0000-00-00', '0000-00-00', 0, 1, ''),
(133177, '03.04.02', 2212, '0000-00-00', '0000-00-00', 0, 1, ''),
(133176, '03.04.01', 2212, '0000-00-00', '0000-00-00', 0, 1, ''),
(133175, '03.03.04', 2211, '0000-00-00', '0000-00-00', 0, 1, ''),
(133174, '03.03.03', 2211, '0000-00-00', '0000-00-00', 0, 1, ''),
(133173, '03.03.02', 2211, '0000-00-00', '0000-00-00', 0, 1, ''),
(133158, '03.01.08', 2209, '0000-00-00', '0000-00-00', 0, 1, ''),
(133172, '03.03.01', 2211, '0000-00-00', '0000-00-00', 0, 1, ''),
(133171, '03.02.03', 2210, '0000-00-00', '0000-00-00', 0, 1, ''),
(133170, '03.02.02', 2210, '0000-00-00', '0000-00-00', 0, 1, ''),
(133169, '03.02.01', 2210, '0000-00-00', '0000-00-00', 0, 1, ''),
(133168, '03.01.15', 2209, '0000-00-00', '0000-00-00', 0, 1, ''),
(133167, '03.01.14', 2209, '0000-00-00', '0000-00-00', 0, 1, ''),
(133166, '03.01.13', 2209, '0000-00-00', '0000-00-00', 0, 1, ''),
(133165, '03.01.01', 2209, '0000-00-00', '0000-00-00', 0, 1, ''),
(133164, '03.01.02', 2209, '0000-00-00', '0000-00-00', 0, 1, ''),
(133163, '03.01.03', 2209, '0000-00-00', '0000-00-00', 0, 1, ''),
(133162, '03.01.04', 2209, '0000-00-00', '0000-00-00', 0, 1, ''),
(133161, '03.01.05', 2209, '0000-00-00', '0000-00-00', 0, 1, ''),
(133160, '03.01.06', 2209, '0000-00-00', '0000-00-00', 0, 1, ''),
(133394, '04.02.01', 2263, '0000-00-00', '0000-00-00', 0, 1, ''),
(133387, '04.01.03', 2262, '0000-00-00', '0000-00-00', 0, 1, ''),
(133188, '02.07.01', 2215, '0000-00-00', '0000-00-00', 0, 1, ''),
(133181, '02.08.06', 2214, '0000-00-00', '0000-00-00', 0, 1, ''),
(133159, '03.01.07', 2209, '0000-00-00', '0000-00-00', 0, 1, ''),
(133249, '01.01.03', 2230, '0000-00-00', '0000-00-00', 0, 1, ''),
(133248, '01.02.01', 2229, '0000-00-00', '0000-00-00', 0, 1, ''),
(133234, '01.04.02', 2227, '0000-00-00', '0000-00-00', 0, 1, ''),
(133226, '01.07.03', 2224, '0000-00-00', '0000-00-00', 0, 1, ''),
(133263, '04.03.01', 2234, '0000-00-00', '0000-00-00', 0, 1, ''),
(133264, '04.03.02', 2234, '0000-00-00', '0000-00-00', 0, 1, ''),
(133306, '03.03.03', 2241, '0000-00-00', '0000-00-00', 0, 1, ''),
(133305, '03.03.02', 2241, '0000-00-00', '0000-00-00', 0, 1, ''),
(133304, '03.03.01', 2241, '0000-00-00', '0000-00-00', 0, 1, ''),
(133303, '03.02.03', 2240, '0000-00-00', '0000-00-00', 0, 1, ''),
(133302, '03.02.02', 2240, '0000-00-00', '0000-00-00', 0, 1, ''),
(133301, '03.02.01', 2240, '0000-00-00', '0000-00-00', 0, 1, ''),
(133300, '03.01.15', 2239, '0000-00-00', '0000-00-00', 0, 1, ''),
(133299, '03.01.14', 2239, '0000-00-00', '0000-00-00', 0, 1, ''),
(133298, '03.01.13', 2239, '0000-00-00', '0000-00-00', 0, 1, ''),
(133297, '03.01.01', 2239, '0000-00-00', '0000-00-00', 0, 1, ''),
(133296, '03.01.02', 2239, '0000-00-00', '0000-00-00', 0, 1, ''),
(133295, '03.01.03', 2239, '0000-00-00', '0000-00-00', 0, 1, ''),
(133294, '03.01.04', 2239, '0000-00-00', '0000-00-00', 0, 1, ''),
(133293, '03.01.05', 2239, '0000-00-00', '0000-00-00', 0, 1, ''),
(133292, '03.01.06', 2239, '0000-00-00', '0000-00-00', 0, 1, ''),
(133291, '03.01.07', 2239, '0000-00-00', '0000-00-00', 0, 1, ''),
(133290, '03.01.08', 2239, '0000-00-00', '0000-00-00', 0, 1, ''),
(133289, '03.01.09', 2239, '0000-00-00', '0000-00-00', 0, 1, ''),
(133288, '03.01.10', 2239, '0000-00-00', '0000-00-00', 0, 1, ''),
(133287, '03.01.11', 2239, '0000-00-00', '0000-00-00', 0, 1, ''),
(133286, '03.01.12', 2239, '0000-00-00', '0000-00-00', 0, 1, '');

/*!40101 SET CHARACTER_SET_CLIENT=@OLD_CHARACTER_SET_CLIENT */;
/*!40101 SET CHARACTER_SET_RESULTS=@OLD_CHARACTER_SET_RESULTS */;
/*!40101 SET COLLATION_CONNECTION=@OLD_COLLATION_CONNECTION */;
